公司,名称,地址,学历,福利,经验,职位类型,薪资
 江苏世轩供应链管理有限公司 ,财务主管, 仙林大… ,大专,"广告,五险一金,话补,加班补助,年底双薪,周末双休",1年以下,财务经理/主管,4000-8000
 南京百年同庆餐饮有限公司 ,高薪诚聘驻店会计, 仙林大… ,大专,"五险一金,包吃,包住,话补",不限,会计/会计师,3800-5000
 南京携创餐饮服务有限公司 ,杨将军巷9号KTV会计, 仙林大… ,大专,"包吃,包住",1-2年,会计/会计师,3500-4500
 南京康瑞美化妆品有限公司 ,财务, 仙林大… ,大专,,3-5年,财务/会计助理,面议
 南京高立工程机械有限公司 ,急聘往来/销售会计, 仙林大… ,大专,"包住,包吃,五险一金,年底双薪",1-2年,会计/会计师,5000-6000
 江苏东风南方汽车销售服务有限… ,会计五险一金双薪工作餐, 仙林大… ,大专,"五险一金,包吃,加班补助",不限,会计/会计师,4000-5000
 广州子辛网络开发有限公司 ,出纳|0基础上岗培训, 仙林大… ,不限,"求职保障,年底双薪,周末双休,五险一金",不限,出纳,4000-7000
 南京金厚教育科技有限公司 ,会计, 仙林大… ,大专,"五险一金,年底双薪,周末双休,交通补助,加班补助",10年以上,会计/会计师,3000-5000
 南京茂凯物流有限公司 ,总账会计, 仙林大… ,大专,"包吃,包住,交通补助,饭补,加班补助",3-5年,会计/会计师,面议
 美迷医疗管理（上海）有限公司 ,会计5五险可应届生, 仙林大… ,不限,"加班补助,房补,包吃,交通补助,话补",不限,会计/会计师,3000-4000
 南京中普钢铁销售有限公司 ,会计, 仙林大… ,本科,"五险一金,周末双休,交通补助,饭补",6-7年,会计/会计师,面议
 南京百世鑫餐饮管理有限公司 ,双休招聘会计, 仙林大… ,大专,周末双休,1-2年,会计/会计师,4000-6000
 广州子辛网络开发有限公司 ,会计培训+ 好工作, 仙林大… ,不限,"求职保障,年底双薪,周末双休,五险一金",不限,会计/会计师,3500-6000
 广州子辛网络开发有限公司 ,会计小白培训+就业推荐, 仙林大… ,不限,"求职保障,年底双薪,周末双休,五险一金",不限,会计/会计师,3500-6000
 广州子辛网络开发有限公司 ,财务会计|0基础培训上岗, 仙林大… ,不限,"求职保障,年底双薪,周末双休,五险一金",不限,会计/会计师,3500-6000
 江苏快鹿商旅汽车服务有限公司 ,会计, 仙林大… ,大专,"包吃,五险一金",6-7年,会计/会计师,面议
 广州子辛网络开发有限公司 ,审计|0基础培训上岗, 仙林大… ,不限,"求职保障,年底双薪,周末双休,五险一金",不限,会计/会计师,4000-6000
 广州子辛网络开发有限公司 ,出纳|0基础培训上岗, 仙林大… ,不限,"求职保障,年底双薪,周末双休,五险一金",不限,会计/会计师,4000-6000
 广州子辛网络开发有限公司 ,转行0基础学会计+双休, 仙林大… ,不限,"求职保障,年底双薪,周末双休,五险一金",不限,会计/会计师,3500-6000
 广州子辛网络开发有限公司 ,管理会计|0基础培训上岗, 仙林大… ,不限,"求职保障,年底双薪,周末双休,五险一金",不限,会计/会计师,4000-6500
 南京苏创艺术培训有限公司 ,教育机构聘会计兼人事1名, 仙林大… ,大专,"年底双薪,加班补助,交通补助,五险一金",不限,财务/会计助理,3000-5000
 广州子辛网络开发有限公司 ,财务助理|0基础培训上岗, 仙林大… ,不限,"求职保障,五险一金,周末双休,年底双薪",不限,财务/会计助理,3500-6000
 广州子辛网络开发有限公司 ,出纳|会计提升技能培训, 仙林大… ,不限,"求职保障,五险一金,周末双休,年底双薪",不限,出纳,3500-6000
 广州子辛网络开发有限公司 ,出纳|会计0基础实操培训, 仙林大… ,不限,"求职保障,年底双薪,周末双休,五险一金",不限,出纳,4000-6000
 广州子辛网络开发有限公司 ,出纳|会计0基础实操培训, 仙林大… ,不限,"求职保障,年底双薪,周末双休,五险一金",不限,出纳,3500-6000
 广州子辛网络开发有限公司 ,总账会计|会计提升培训, 仙林大… ,不限,"求职保障,五险一金,周末双休,年底双薪",不限,财务/会计助理,3500-6000
 聚力医药 ,初级会计, 仙林大… ,大专,"加班补助,五险一金",1-2年,会计/会计师,4000-6000
 南京七河生物科技有限公司 ,专职会计, 仙林大… ,本科,"包吃,年底双薪,加班补助,包住,周末双休",8-10年,会计/会计师,4000-8000
 南京宝睿丰商贸有限公司 ,打包人员会计销售, 仙林大… ,不限,"房补,饭补",不限,会计/会计师,面议
 南京蓝青文化传播有限公司 ,培训中心前台, 仙林大… ,大专,"五险一金,包住,话补,交通补助,饭补",1-2年,会计/会计师,3500-6000
 南京中全人力资源有限公司 ,公司直招会计包吃午饭, 仙林大… ,不限,"求职保障,包吃,加班补助,五险一金,年底双薪,交通补助",不限,会计/会计师,4000-8000
 南京塔兰托商贸有限公司 ,出纳会计（江宁润发西路）, 仙林大… ,高中,"五险一金,包住",不限,会计/会计师,4000-6000
 江苏铝铸建材有限公司 ,会计, 仙林大… ,大专,"五险一金,包吃,交通补助,年底双薪",不限,会计/会计师,面议
 南京别忘了商贸有限公司 ,会计, 仙林大… ,大专,"五险一金,包吃,包住,话补,饭补",1-2年,会计/会计师,5500-7500
 南京埃尔顿智能科技有限公司 ,会计, 仙林大… ,中专,"周末双休,加班补助",3-5年,会计/会计师,4000-4500
 南京古理生态农业科技发展有限… ,会计, 仙林大… ,大专,"五险一金,包吃,包住",不限,会计/会计师,5500-6000
 南京虎龙文化传播有限公司 ,出纳, 仙林大… ,不限,"包吃,包住",不限,会计/会计师,3000-4000
 南京苏奥体育设施工程有限公司 ,骋中级职称会计+待遇优, 仙林大… ,大专,"五险一金,周末双休,饭补,交通补助,加班补助",3-5年,会计/会计师,5000-8000
 南京酒仕堂酒业有限责任公司 ,急聘会计五险一金, 仙林大… ,不限,"求职保障,五险一金",10年以上,会计/会计师,3000-5000
 南京佳音人力资源有限公司 ,急招会计一名, 仙林大… ,大专,"求职保障,五险一金,周末双休,交通补助,加班补助,包住",3-5年,会计/会计师,3800-5500
 江苏公大食品有限公司 ,成本会计, 仙林大… ,不限,"五险一金,周末双休",1-2年,会计/会计师,5000-6000
 南京合顺财务管理有限公司 ,总账会计+双休+五险, 仙林大… ,大专,周末双休,3-5年,会计/会计师,5000-8000
 江苏格源财务服务有限公司 ,新街口会计双休年假, 仙林大… ,大专,"五险一金,周末双休,交通补助,饭补,话补",1-2年,会计/会计师,6000-8000
 南京品世餐饮管理有限公司 ,会计, 仙林大… ,不限,"包住,话补,饭补,加班补助",3-5年,会计/会计师,面议
 南京市雨花台区南舒房餐饮店 ,高薪急聘6K+财务, 仙林大… ,不限,,不限,会计/会计师,6000-7000
 南京邦联汽车租赁有限公司 ,总账会计+五险高福利, 仙林大… ,大专,,3-5年,会计/会计师,4000-4500
 南京中全人力资源有限公司 ,栖霞区招会计一名, 仙林大… ,不限,"包住,包吃,年底双薪,交通补助,加班补助",不限,会计/会计师,3500-5000
 南京世代缘大酒店有限公司 ,总账会计, 仙林大… ,不限,"包吃,包住,周末双休",1-2年,会计/会计师,5000-6000
 南京市雨花台区康都建材销售中心 ,诚聘财务会计, 仙林大… ,本科,"饭补,周末双休",3-5年,会计/会计师,5000-7000
 南京紫坤餐饮管理有限公司 ,名客汇成本核算会计, 仙林大… ,不限,"包吃,包住",不限,会计/会计师,面议
 南京小蛮腰美容有限公司 ,会计, 仙林大… ,大专,加班补助,不限,会计/会计师,4000-5000
 南京瑞顺物流有限公司 ,会计, 仙林大… ,大专,"五险一金,包住,年底双薪,话补,饭补",1-2年,会计/会计师,5000-6000
 南京陕汽重卡汽车销售服务有限… ,总账会计, 仙林大… ,大专,"饭补,包吃,周末双休",3-5年,会计/会计师,面议
 南京军歌餐饮管理有限公司 ,财会计高薪2年经验, 仙林大… ,不限,"包吃,包住,周末双休",不限,会计/会计师,6000-8000
 南京畅汇餐饮管理有限公司 ,餐饮财务总账会计成本会计, 仙林大… ,高中,"包吃,包住,房补,年底双薪,周末双休",3-5年,会计/会计师,5000-10000
 南京渔留唇餐饮管理有限公司 ,总账会计, 仙林大… ,大专,"五险一金,包吃,包住,周末双休,年底双薪",3-5年,会计/会计师,面议
 南京弘毅达建设工程有限公司 ,建筑行业总账会计+双休, 仙林大… ,大专,"五险一金,年底双薪,周末双休,饭补",不限,会计/会计师,5000-8000
 南京广福贸易有限公司 ,江宁区会计2年以上经验, 仙林大… ,大专,"交通补助,加班补助,五险一金,包吃,周末双休",3-5年,会计/会计师,4000-5000
 江苏沃元精密机械有限公司 ,主办会计, 仙林大… ,本科,"包吃,包住",3-5年,会计/会计师,5000-10000
 南京安吉特矿山 ,会计, 将军大道 ,不限,"包吃,加班补助,年底双薪,包住,五险一金",不限,会计/会计师,面议
 南京佳盛酒店管理有限公司 ,财务成本会计审计税务, 将军大道 ,大专,"包吃,包住",1-2年,会计/会计师,3000-6000
 南京迪科达装饰工程有限公司 ,急聘南京秦淮会计/有经验, 将军大道 ,大专,五险一金,1-2年,会计/会计师,3000-5000
 南京惠道佳商贸有限公司 ,会计+五险, 将军大道 ,大专,"饭补,加班补助",3-5年,会计/会计师,4000-6000
 江都区仙女镇庆宝银楼 ,秦淮|双休5K招内账会计, 将军大道 ,大专,周末双休,1年以下,会计/会计师,5000-5500
 江苏兰之雅建筑装饰有限公司 ,主管会计, 将军大道 ,大专,"五险一金,包吃,包住",6-7年,会计/会计师,5000-10000
 宏大建设集团有限公司 ,招建筑业会计.男性, 将军大道 ,高中,"五险一金,包吃,包住,年底双薪,话补",不限,会计/会计师,面议
 南京恒翔保温材料制造有限公司 ,会计, 将军大道 ,不限,"包吃,包住,加班补助,年底双薪",3-5年,会计/会计师,5000-6000
 南京市鼓楼区和丰益足疗店 ,会计高薪2年经验, 将军大道 ,不限,"包吃,包住",不限,会计/会计师,3000-5000
 江苏轩华置业有限公司 ,会计, 将军大道 ,不限,"周末双休,包吃,包住",不限,会计/会计师,3000-5000
 南京宏俊供应链管理有限公司 ,会计/会计师, 将军大道 ,不限,,不限,会计/会计师,3000-5000
 江苏格源财务服务有限公司 ,新街口急招会计双休高薪, 将军大道 ,大专,"五险一金,周末双休,交通补助,饭补,话补",1-2年,会计/会计师,6000-8000
 南京金厚教育科技有限公司 ,外勤会计, 将军大道 ,大专,"五险一金,年底双薪,周末双休,交通补助,加班补助",3-5年,会计/会计师,3000-4500
 南京军歌餐饮管理有限公司 ,诚聘会计高薪, 将军大道 ,本科,"包住,周末双休",1-2年,会计/会计师,3500-4000
 江都区仙女镇庆宝银楼 ,双休5000急招做账会计, 将军大道 ,本科,周末双休,1-2年,会计/会计师,5000-5500
 江苏格源财务服务有限公司 ,6K新街口会计+五险双休, 将军大道 ,不限,"五险一金,周末双休,交通补助,饭补,话补",不限,会计/会计师,6000-8000
 江苏格源财务服务有限公司 ,诚聘会计薪资6000起, 将军大道 ,不限,"五险一金,周末双休,饭补,话补,房补",不限,会计/会计师,6000-8000
 江苏格源财务服务有限公司 ,高薪招会计双休五险, 将军大道 ,不限,"五险一金,周末双休",不限,会计/会计师,6000-8000
 江苏可成科技有限公司 ,会计/会计师, 将军大道 ,大专,周末双休,3-5年,会计/会计师,4000-5000
 南京市江宁区博惠百货超市店 ,超市会计, 将军大道 ,中专,,1-2年,会计/会计师,4000-6000
 南京名商实业有限公司 ,会计, 将军大道 ,中专,包吃,3-5年,会计/会计师,面议
 江苏创都智能科技有限公司 ,财务会计3年经验, 将军大道 ,大专,"五险一金,周末双休",3-5年,会计/会计师,5000-7000
 南京茂凯物流有限公司 ,总账会计, 将军大道 ,大专,"包吃,包住,交通补助,饭补,加班补助",3-5年,会计/会计师,面议
 南京市浦口区暖春科技信息咨询… ,在校实习生-会计助理, 将军大道 ,不限,周末双休,不限,会计/会计师,面议
 南京市江宁区户涛果品商行 ,会计、收银, 将军大道 ,不限,,不限,会计/会计师,面议
 南京思锐广告传播有限公司 ,会计五险税后3千起, 将军大道 ,中专,"五险一金,包住,周末双休,年底双薪,话补",1-2年,会计/会计师,3000-6000
 南京港盛船舶代理有限公司 ,诚聘会计2年经验, 将军大道 ,大专,"五险一金,周末双休,交通补助,加班补助,年底双薪",3-5年,会计/会计师,3000-5000
 南京泰丰石业有限公司 ,会计, 将军大道 ,不限,,不限,会计/会计师,面议
 南京圣联包装科技有限公司 ,主办会计, 将军大道 ,不限,"包吃,包住",不限,会计/会计师,5000-8000
 南京永顺会计师事务所集团有限… ,总账会计, 将军大道 ,大专,"包吃,周末双休,加班补助",1-2年,会计/会计师,4000-8000
 南京庆新隆管理咨询服务有限公司 ,会计/会计师, 将军大道 ,不限,,3-5年,会计/会计师,3000-5000
 南京凯和建设有限公司 ,会计, 将军大道 ,大专,,3-5年,会计/会计师,面议
 南京市六合区侯德余建材经营部 ,会计, 将军大道 ,大专,"五险一金,周末双休,年底双薪",不限,会计/会计师,5000-8000
 南京市鼓楼区艾达伦餐饮店 ,会计, 将军大道 ,不限,"包吃,包住,年底双薪",不限,会计/会计师,面议
 南京春雨财税咨询有限公司 ,会计, 将军大道 ,大专,"五险一金,周末双休,年底双薪,饭补",3-5年,会计/会计师,面议
 南京宝汇物流有限公司 ,总账会计, 秣陵 ,大专,"五险一金,年底双薪,周末双休,交通补助,话补",3-5年,会计/会计师,面议
 南京市雨花台区欧巴克餐饮店 ,会计, 秣陵 ,不限,,3-5年,会计/会计师,5000-6000
 江苏安泰劳务服务有限公司 ,会计, 秣陵 ,不限,"五险一金,周末双休,年底双薪,饭补",10年以上,会计/会计师,3000-5000
 南京华创科技贸易有限公司 ,项目会计, 秣陵 ,大专,,1-2年,会计/会计师,10000-18000
 南京香柏树金属制品有限公司 ,会计, 秣陵 ,大专,,1-2年,会计/会计师,面议
 南京睿尚食文化艺术发展有限公司 ,会计, 秣陵 ,大专,"五险一金,包吃,包住",1-2年,会计/会计师,4000-5000
 南京宇健会计服务有限公司 ,会计实习生, 秣陵 ,大专,"求职保障,周末双休",不限,会计/会计师,面议
 南京金兴源实业有限公司 ,会计, 秣陵 ,大专,"加班补助,饭补,交通补助,话补",1-2年,会计/会计师,3000-4000
 南京菲马特科技有限公司 ,会计, 秣陵 ,不限,,不限,会计/会计师,3000-5000
 南京欧倍仕食品有限公司 ,会计, 秣陵 ,大专,,3-5年,会计/会计师,6000-8000
 南京博算企业管理顾问有限公司 ,会计/会计师, 秣陵 ,不限,,不限,会计/会计师,面议
 南京瑾玉建筑工程有限公司 ,会计, 秣陵 ,不限,"包吃,包住",1-2年,会计/会计师,面议
 南京思铭达电器有限公司 ,会计/会计师, 秣陵 ,不限,五险一金,不限,会计/会计师,4000-7000
 南京春柳医疗管理有限公司 ,会计, 秣陵 ,不限,,不限,会计/会计师,面议
 南京市雨花台区江恒建材经营部 ,会计, 秣陵 ,大专,,1-2年,会计/会计师,面议
 南京名腾企业策划有限公司 ,会计, 秣陵 ,高中,"五险一金,包吃,包住,加班补助",1年以下,会计/会计师,4500-8000
 南京彤进建设工程有限公司 ,会计, 秣陵 ,不限,周末双休,不限,会计/会计师,面议
 南京宁鼎财务顾问有限公司 ,高薪急聘会计+待遇好, 秣陵 ,大专,,3-5年,会计/会计师,面议
 南京鸿创生物科技有限公司 ,会计/会计师, 秣陵 ,不限,,不限,会计/会计师,3000-5000
 南京明珠肥料有限责任公司 ,总账会计, 秣陵 ,高中,"包吃,包住,五险一金",3-5年,会计/会计师,面议
 南京金福惠新能源科技有限公司 ,诚聘会计高薪, 秣陵 ,本科,五险一金,1-2年,会计/会计师,4000-4500
 南京极地进出口有限公司 ,会计/会计师, 秣陵 ,不限,,不限,会计/会计师,面议
 南京晟华财务咨询有限公司 ,外勤会计, 秣陵 ,大专,"五险一金,周末双休",1-2年,会计/会计师,2800-3500
 南京同济堂医药有限公司 ,会计, 秣陵 ,本科,"交通补助,加班补助,包住,五险一金,周末双休",不限,会计/会计师,3000-5000
 南京艾心堂健康投资管理顾问有… ,会计, 秣陵 ,不限,"饭补,交通补助,加班补助,五险一金",不限,会计/会计师,面议
 南京佰昌建筑劳务有限公司 ,会计, 秣陵 ,不限,,3-5年,会计/会计师,5500-6000
 南京新概念农业科技有限公司 ,会计/会计师, 秣陵 ,大专,"五险一金,包吃,包住",3-5年,会计/会计师,面议
 南京蚂蚁旅游发展有限公司 ,会计, 秣陵 ,不限,"五险一金,包吃,包住,加班补助",6-7年,会计/会计师,5000-8000
 江苏丰聚智能科技有限公司 ,会计, 秣陵 ,不限,,不限,会计/会计师,4000-7000
 南京新力无纺制品有限公司 ,会计, 秣陵 ,不限,"包住,包吃,周末双休",3-5年,会计/会计师,面议
 南京食为鲜供应链管理有限公司 ,会计/会计师, 秣陵 ,不限,,不限,会计/会计师,3000-5000
 普拉斯玛（南京）农业科技发展… ,会计, 秣陵 ,不限,"五险一金,周末双休",不限,会计/会计师,4500-5000
 南京步云轩装饰工程有限公司 ,会计, 秣陵 ,不限,,不限,会计/会计师,面议
 南京宝威裕达体育用品有限公司 ,管理会计, 秣陵 ,大专,"加班补助,年底双薪,周末双休",1-2年,会计/会计师,4000-5000
 江苏空车汽车服务有限公司 ,会计, 秣陵 ,大专,"五险一金,周末双休,饭补",1-2年,会计/会计师,4000-4500
 南京宝睿丰商贸有限公司 ,急聘搬运工+包吃住+轻松, 南京 ,不限,"包住,包吃",不限,会计/会计师,3500-4000
 南京吉益钢材有限公司 ,会计, 南京 ,不限,,不限,会计/会计师,面议
 江苏宇强国际货运代理有限公司 ,总帐会计, 南京 ,本科,周末双休,3-5年,会计/会计师,面议
 南京玛翊机电工程有限公司 ,会计/会计师, 南京 ,大专,"五险一金,周末双休,话补",不限,会计/会计师,3000-5000
 南京名腾企业策划有限公司 ,会计, 南京 ,大专,"五险一金,包吃,加班补助",1-2年,会计/会计师,5000-8000
 江苏苏宸物资有限公司 ,财务, 南京 ,不限,"五险一金,年底双薪",不限,会计/会计师,面议
 四川立广建设工程有限公司 ,会计, 南京 ,大专,"包吃,包住",3-5年,会计/会计师,3000-5000
 盐城银厦建筑工程有限公司 ,财务专员高薪2年经验, 南京 ,大专,"五险一金,包住,包吃,加班补助",1-2年,会计/会计师,3500-5500
 南京海超财务管理顾问有限公司 ,会计, 南京 ,中专,"五险一金,周末双休,饭补",1-2年,会计/会计师,面议
 南京衡度财务管理咨询有限公司 ,会计/会计师, 南京 ,不限,"五险一金,周末双休",不限,会计/会计师,4000-5000
 南京力帆财务咨询服务有限公司 ,做账会计, 南京 ,不限,"周末双休,年底双薪,交通补助,话补,五险一金",不限,会计/会计师,4000-7000
 南京捷亚凯财税咨询有限公司 ,会计/会计师, 南京 ,不限,加班补助,10年以上,会计/会计师,面议
 南京欧倍仕食品有限公司 ,会计, 南京 ,大专,,3-5年,会计/会计师,6000-8000
 南京久源财务咨询有限公司 ,会计, 南京 ,大专,"周末双休,交通补助,加班补助,饭补,话补",1-2年,会计/会计师,5000-10000
 南京业焙源建筑安装工程有限公司 ,会计/会计师, 南京 ,不限,周末双休,1-2年,会计/会计师,3000-5000
 江苏国成文化发展有限公司 ,急招会计, 南京 ,大专,"加班补助,周末双休,话补,交通补助",1-2年,会计/会计师,4000-8000
 四川荣晟物业服务有限公司江苏… ,出纳会计, 南京 ,不限,周末双休,1-2年,会计/会计师,3000-3500
 南京富利达建筑工程有限公司 ,会计, 南京 ,不限,,不限,会计/会计师,3000-5000
 南京市江北新区喜造奶茶店 ,会计, 南京 ,大专,加班补助,不限,会计/会计师,面议
 南京高华健康咨询有限公司 ,会计/会计师, 南京 ,大专,"五险一金,包吃",3-5年,会计/会计师,5000-6000
 南京达朗汽车服务有限公司 ,会计, 南京 ,本科,"周末双休,五险一金,包吃",6-7年,会计/会计师,3000-5000
 江苏惠利环保科技有限公司 ,往来会计, 南京 ,大专,"五险一金,周末双休",3-5年,会计/会计师,面议
 南京市雨花台区思睿德幕墙材料… ,会计, 南京 ,不限,,不限,会计/会计师,3000-5000
 福州市仓山区仙岩石材经营部 ,会计, 南京 ,不限,"包吃,包住",不限,会计/会计师,面议
 南京华运市场管理有限公司 ,会计, 南京 ,本科,"求职保障,五险一金,包吃,包住",3-5年,会计/会计师,4000-6000
 南京市雨花台区北福电子经营部 ,财务会计, 南京 ,大专,"五险一金,房补,话补,交通补助,饭补",不限,会计/会计师,6000-9000
 南京皖路脚手架有限公司 ,会计, 南京 ,大专,"包吃,包住,周末双休",3-5年,会计/会计师,面议
 江苏鼎唐物资有限公司 ,会计（女士）, 南京 ,大专,五险一金,3-5年,会计/会计师,面议
 南京益厨王食品有限公司 ,会计, 南京 ,不限,"五险一金,包吃",不限,会计/会计师,3000-5000
 南京美宽商贸有限公司 ,会计, 南京 ,不限,,不限,会计/会计师,4000-4100
 南京首天电器制造有限公司 ,会计, 南京 ,大专,"包吃,包住,交通补助",3-5年,会计/会计师,3000-5000
 南京名创特种纤维科技有限公司 ,会计, 南京 ,不限,,不限,会计/会计师,面议
 南京路路通机械设备有限公司 ,会计, 南京 ,不限,饭补,不限,会计/会计师,面议
 南京蒸腾食品有限公司 ,会计, 南京 ,不限,包吃,不限,会计/会计师,面议
 南京冠腾驾驶培训有限公司 ,出纳会计, 南京 ,不限,"五险一金,包吃,话补,加班补助",不限,会计/会计师,3500-5000
 南京市雨花台区越莱富家具经营部 ,会计/会计师, 建邺万… ,大专,五险一金,不限,会计/会计师,3000-5000
 南京金居美酒店管理有限公司 ,会计, 建邺万… ,不限,"五险一金,包吃,周末双休",3-5年,会计/会计师,4500-5000
 江苏鑫方盛电子商务有限公司 ,会计/出纳, 建邺万… ,大专,"包吃,包住",不限,会计/会计师,3000-5000
 南京慧思果农副产品有限公司 ,会计, 建邺万… ,不限,"五险一金,包吃",不限,会计/会计师,3000-5000
 南京市栖霞区上林超市 ,诚招超市会计高薪, 建邺万… ,大专,"五险一金,加班补助,饭补",1-2年,会计/会计师,4000-6000
 江苏金蓝鲸智能环保科技有限公司 ,现金会计, 建邺万… ,大专,"五险一金,包吃,话补,交通补助,饭补",不限,会计/会计师,面议
 南京欣隆全建筑工程有限公司 ,记账会计, 建邺万… ,不限,,不限,会计/会计师,面议
 南京明巍清洁服务有限公司 ,总账会计, 建邺万… ,不限,,10年以上,会计/会计师,面议
 南京江荟海酒店管理有限公司 ,会计, 建邺万… ,不限,"包吃,加班补助",不限,会计/会计师,4000-5000
 南京市雨花台区浩淼环保材料销… ,会计, 建邺万… ,不限,,不限,会计/会计师,面议
 江苏连恒建设劳务有限公司 ,工程会计, 建邺万… ,大专,周末双休,10年以上,会计/会计师,面议
 南京骏众科技有限公司 ,有人选了财务公司招聘会计, 建邺万… ,大专,周末双休,不限,会计/会计师,面议
 南京和升仁食品贸易有限公司 ,会计/会计师, 建邺万… ,大专,"五险一金,话补,饭补",1-2年,会计/会计师,3000-5000
 南京韵鸿圣建设工程有限公司 ,会计, 建邺万… ,大专,"五险一金,话补,交通补助,饭补,加班补助",不限,会计/会计师,5000-8000
 南京方平财务服务有限公司 ,代账公司会计, 建邺万… ,不限,周末双休,不限,会计/会计师,面议
 南京汉医生物科技有限公司 ,会计, 建邺万… ,不限,,1-2年,会计/会计师,3000-5000
 南京中直阁食品商贸有限公司 ,会计, 建邺万… ,本科,,不限,会计/会计师,3000-5000
 姑苏区我的客人美发店 ,会计, 建邺万… ,不限,,不限,会计/会计师,3000-5000
 南京华运市场管理有限公司 ,会计, 建邺万… ,本科,"五险一金,包吃,包住,周末双休",1-2年,会计/会计师,面议
 江苏庆慷制冷工程有限公司 ,会计, 建邺万… ,大专,"饭补,交通补助,话补,加班补助,年底双薪",3-5年,会计/会计师,5000-8000
 南京会舜建设工程有限公司 ,会计, 建邺万… ,大专,"包吃,周末双休",3-5年,会计/会计师,面议
 江苏孟和建设工程有限公司南京… ,会计/会计师, 建邺万… ,不限,"五险一金,交通补助,饭补",1-2年,会计/会计师,3000-5000
 南京艾尚智能科技有限公司 ,出纳会计, 建邺万… ,大专,周末双休,不限,会计/会计师,面议
 南京响雷科技有限公司 ,会计, 建邺万… ,大专,,3-5年,会计/会计师,3500-6000
 南京鸿岳物业服务有限公司 ,总账会计, 建邺万… ,本科,"饭补,五险一金,周末双休",3-5年,会计/会计师,面议
 南京迪海供应链管理有限公司 ,会计, 建邺万… ,不限,周末双休,不限,会计/会计师,4000-5000
 南京鑫华瑞线路器材有限公司 ,会计, 建邺万… ,大专,五险一金,1-2年,会计/会计师,4000-5000
 南京豪乔建设工程有限公司 ,会计, 建邺万… ,不限,,不限,会计/会计师,3000-5000
 南京华创包装机械设备有限公司 ,招总账会计高薪, 建邺万… ,大专,"包吃,包住,加班补助,五险一金,饭补",1-2年,会计/会计师,面议
 南京中建集力劳务有限责任公司 ,会计1年经验, 建邺万… ,大专,"五险一金,包住,年底双薪,周末双休",不限,会计/会计师,4000-5000
 南京振博电力成套设备有限公司 ,会计, 建邺万… ,不限,,不限,会计/会计师,3000-5000
 南京勇怡敏阳酒业有限公司 ,会计, 建邺万… ,不限,包吃,不限,会计/会计师,3000-5000
 开创企业服务南京有限公司 ,会计, 建邺万… ,不限,"五险一金,周末双休",不限,会计/会计师,4000-7000
 美迷医疗管理（上海）有限公司 ,会计5五险可应届生, 建邺万… ,不限,"加班补助,房补,包吃,交通补助,话补",不限,会计/会计师,3000-4000
 南京优派轴承有限公司 ,会计, 建邺万… ,不限,,3-5年,会计/会计师,3000-5000
 江苏智源食品科技发展有限公司 ,会计, 江宁区 ,不限,"五险一金,周末双休",不限,会计/会计师,面议
 江苏壹玖玖叁代理记账有限公司 ,会计, 江宁区 ,本科,"五险一金,周末双休",1-2年,会计/会计师,4500-5000
 江苏三翼工程机械有限公司 ,会计, 江宁区 ,本科,"饭补,五险一金,话补,年底双薪,包住",1-2年,会计/会计师,5000-6000
 南京琪辕汽车服务有限公司 ,会计, 江宁区 ,大专,"包住,话补",1-2年,会计/会计师,5000-6000
 南京友西科技股份有限公司 ,会计, 江宁区 ,大专,"五险一金,年底双薪,周末双休",不限,会计/会计师,4000-6000
 南京佳家乐装饰工程有限公司 ,会计, 江宁区 ,大专,,1-2年,会计/会计师,面议
 南京佳茂食品厂 ,核账会计, 江宁区 ,大专,"五险一金,加班补助,交通补助,话补",3-5年,会计/会计师,面议
 南京孚嘉印刷有限公司 ,会计/会计师, 江宁区 ,不限,"包住,包吃",不限,会计/会计师,面议
 江苏凡华建筑工程有限公司 ,工地现场会计, 江宁区 ,高中,"包吃,包住,话补,交通补助,五险一金",1-2年,会计/会计师,3000-5000
 温州凯康食品有限公司 ,会计, 江宁区 ,大专,,3-5年,会计/会计师,4500-6000
 医械大数据（江苏）有限公司 ,会计, 江宁区 ,大专,"五险一金,周末双休",3-5年,会计/会计师,4000-6000
 南京勇捷汽车销售有限公司 ,会计, 江宁区 ,本科,"包吃,房补,话补,交通补助,饭补",3-5年,会计/会计师,5000-8000
 南京嘉恒医药有限公司 ,会计, 江宁区 ,不限,"周末双休,加班补助,交通补助,年底双薪,五险一金",不限,会计/会计师,4000-8000
 艾克森特（南京）安全科技有限… ,会计, 江宁区 ,高中,"五险一金,包吃",1-2年,会计/会计师,3000-5000
 南京爱必康生物科技有限公司 ,会计, 江宁区 ,不限,,不限,会计/会计师,3000-5000
 南京市江宁区鸿禾食品经营部 ,会计, 江宁区 ,不限,,不限,会计/会计师,面议
 南京隆硕建设工程有限公司 ,财务助理, 江宁区 ,不限,"包吃,周末双休",1-2年,会计/会计师,面议
 南京吾优彩信息科技有限公司 ,体彩收银员, 江宁区 ,不限,,不限,会计/会计师,3500-6000
 南京以利亚装饰工程有限公司江… ,会计/会计师, 江宁区 ,不限,"包吃,包住,交通补助,饭补",不限,会计/会计师,3000-5000
 无锡威孚物业有限公司南京分公司 ,总账会计4500+, 江宁区 ,不限,周末双休,不限,会计/会计师,4500-6000
 浙江祥果贸易有限公司 ,高薪直聘会计包吃住, 江宁区 ,大专,"包吃,包住",不限,会计/会计师,4000-8000
 南京瑞达服务外包有限公司 ,会计, 江宁区 ,本科,,不限,会计/会计师,4000-6000
 南京市浦口区吴纯怀卫浴销售中心 ,会计, 江宁区 ,不限,包吃,不限,会计/会计师,3000-5000
 南京慧算账财务咨询有限公司高… ,外勤会计双休, 江宁区 ,大专,,不限,会计/会计师,2000-4000
 南京竞程智能建筑科技有限公司 ,会计/会计师, 江宁区 ,大专,"五险一金,包吃,包住",3-5年,会计/会计师,5000-8000
 南京博叶假期国际旅行社有限公司 ,财务/会计周末双休, 江宁区 ,大专,"周末双休,年底双薪",1-2年,会计/会计师,3000-4000
 南京艺林盆景花卉有限公司 ,会计, 江宁区 ,不限,周末双休,3-5年,会计/会计师,4000-8000
 南京汤峰机电有限公司 ,主管会计/成本会计, 江宁区 ,中专,"五险一金,包吃,包住",3-5年,会计/会计师,4000-7000
 无锡市海象科技有限公司 ,会计专员, 江宁区 ,大专,"五险一金,周末双休",3-5年,会计/会计师,面议
 南京光荣财务会计服务有限公司 ,会计出纳, 江宁区 ,不限,"五险一金,周末双休,话补,交通补助",不限,会计/会计师,面议
 南京鹏华新型建材有限公司 ,会计, 江宁区 ,大专,"周末双休,话补,交通补助",1-2年,会计/会计师,面议
 江苏朗塑建材有限公司 ,会计, 江宁区 ,大专,,不限,会计/会计师,面议
 南京鲁凯斯建材有限公司 ,会计, 江宁区 ,不限,,不限,会计/会计师,面议
 南京市鼓楼区袜优坊针织品经营部 ,会计, 江宁区 ,不限,"饭补,加班补助",不限,会计/会计师,4000-6000
 江苏朗塑建材有限公司 ,会计/会计师, 江宁区 ,大专,,不限,会计/会计师,面议
 深圳市银典物业管理服务有限责… ,会计, 顶山 ,大专,"五险一金,周末双休",3-5年,会计/会计师,5000-6000
 南京来一口食品有限公司 ,会计, 顶山 ,大专,"包住,五险一金,加班补助,饭补",1-2年,会计/会计师,3500-5000
 南京首义物流有限公司 ,会计, 顶山 ,不限,周末双休,不限,会计/会计师,3000-4000
 江苏能网企业管理服务有限公司 ,会计, 顶山 ,本科,"五险一金,包吃,周末双休",不限,会计/会计师,6000-12000
 南京杰众医疗服务有限公司 ,会计师（4-5K）, 顶山 ,大专,"五险一金,加班补助",不限,会计/会计师,4000-5000
 江苏龙义文化发展有限公司 ,会计, 顶山 ,本科,"五险一金,包吃",不限,会计/会计师,面议
 南京影务商务服务有限公司 ,会计/会计师, 顶山 ,大专,"包吃,包住",1-2年,会计/会计师,5000-6000
 南京北辰星汽车服务有限公司 ,会计, 顶山 ,不限,"包住,包吃",不限,会计/会计师,面议
 江苏瓦特斯阀门科技有限公司 ,总账会计/会计师, 顶山 ,不限,周末双休,不限,会计/会计师,面议
 江苏盘石物业管理有限公司 ,急招双休成本会计, 顶山 ,大专,"五险一金,包吃,周末双休,年底双薪,加班补助",1-2年,会计/会计师,面议
 七亩田农业科技发展南京有限公司 ,会计, 顶山 ,大专,包吃,不限,会计/会计师,4500-6000
 南京俊朗汽车运输有限公司 ,会计, 顶山 ,大专,"周末双休,饭补",不限,会计/会计师,面议
 南京龙华大酒店有限公司 ,总账会计, 顶山 ,不限,"五险一金,包吃",6-7年,会计/会计师,5000-8000
 南京宁鼎财务顾问有限公司 ,招会计实习生出纳, 顶山 ,大专,"五险一金,周末双休",不限,会计/会计师,面议
 南京鸿创生物科技有限公司 ,会计, 顶山 ,本科,,不限,会计/会计师,3000-5000
 江苏国成文化发展有限公司 ,招会计总帐会计非坐班会计, 顶山 ,大专,"加班补助,周末双休",6-7年,会计/会计师,面议
 南京宇健会计服务有限公司 ,做账会计, 顶山 ,不限,"求职保障,周末双休",1-2年,会计/会计师,2000-4000
 南京庆新隆管理咨询服务有限公司 ,会计, 顶山 ,不限,"五险一金,周末双休,话补",1-2年,会计/会计师,3000-5000
 江苏朗塑建材有限公司 ,会计, 顶山 ,大专,,6-7年,会计/会计师,面议
 南京食为鲜供应链管理有限公司 ,会计/会计师, 顶山 ,不限,,不限,会计/会计师,3000-5000
 南京鼎荟丰建设工程有限公司 ,会计, 顶山 ,大专,"求职保障,交通补助",3-5年,会计/会计师,6000-10000
 南京市江宁区曹乐市政工程服务部 ,运输公司快计, 顶山 ,不限,周末双休,不限,会计/会计师,面议
 南京盛卓建筑安装工程有限公司 ,会计, 顶山 ,不限,"五险一金,话补,加班补助",不限,会计/会计师,面议
 海太欧林集团有限公司 ,销售会计, 顶山 ,本科,"包吃,五险一金,包住",不限,会计/会计师,4000-6000
 南京皓泽科技工程有限公司 ,专职会计, 顶山 ,本科,,3-5年,会计/会计师,面议
 江苏御风达供应链管理有限公司 ,外账会计, 顶山 ,不限,"五险一金,交通补助,饭补,话补",不限,会计/会计师,3000-6000
 南京叁柒财务咨询有限公司 ,会计/会计师, 顶山 ,不限,,不限,会计/会计师,3000-5000
 南京磊裕建材有限公司 ,会计, 顶山 ,大专,,1-2年,会计/会计师,面议
 江苏冠众汽车服务有限公司 ,会计高薪早九晚六2年经验, 顶山 ,不限,"五险一金,周末双休,年底双薪",3-5年,会计/会计师,4500-9000
 南京盈润建筑工程配套有限公司 ,急招成本会计, 顶山 ,大专,"包住,包吃,五险一金",3-5年,会计/会计师,面议
 江苏苏盟培训有限公司 ,会计, 顶山 ,不限,"五险一金,包吃,周末双休,话补",不限,会计/会计师,面议
 射阳县华通汽车贸易有限公司 ,会计, 顶山 ,不限,,不限,会计/会计师,3000-5000
 南京杰庆建筑劳务有限公司 ,会计, 顶山 ,大专,,3-5年,会计/会计师,3000-5000
 南京源森恒财务管理咨询有限公司 ,外勤会计, 顶山 ,不限,"周末双休,年底双薪,饭补,交通补助",不限,会计/会计师,面议
 南京玄鸟生物科技有限公司 ,代账会计助理, 顶山 ,不限,,不限,会计/会计师,3000-5000
 南京偕行汽车服务有限公司 ,会计/会计师, 定淮门 ,大专,周末双休,1-2年,会计/会计师,面议
 南京广兰建材科技有限公司 ,成本会计, 定淮门 ,大专,,不限,会计/会计师,面议
 江苏广盛建设工程有限公司 ,总账会计高薪10年经验, 定淮门 ,本科,"五险一金,饭补,话补,交通补助",10年以上,会计/会计师,6000-8000
 南京达展脚手架工程有限公司 ,建筑会计, 定淮门 ,大专,"周末双休,话补,交通补助",3-5年,会计/会计师,面议
 南京乐之旅汽车销售有限公司 ,会计, 定淮门 ,大专,"周末双休,五险一金",1-2年,会计/会计师,面议
 南京卓勤财务管理有限公司 ,会计/会计师, 定淮门 ,不限,,不限,会计/会计师,3000-5000
 江苏佳军鑫皓建筑劳务有限公司 ,会计, 定淮门 ,大专,"周末双休,交通补助,话补",3-5年,会计/会计师,4000-6000
 神实网络科技（南京）有限公司 ,会计+五险, 定淮门 ,不限,"五险一金,包住,包吃,年底双薪,饭补",不限,会计/会计师,4000-5000
 南京秦淮之源智能科技有限公司 ,急招出纳会计高薪, 定淮门 ,大专,"求职保障,包吃,加班补助,包住,五险一金,话补",1-2年,会计/会计师,3500-5500
 南京泰宝文化传播有限公司 ,会计, 定淮门 ,大专,"交通补助,加班补助,饭补,话补,五险一金",不限,会计/会计师,面议
 南京汇风达网络科技有限公司 ,财务主管, 定淮门 ,本科,,3-5年,会计/会计师,6000-8000
 南京助仝环保建材有限公司 ,会计, 定淮门 ,大专,"五险一金,包吃,周末双休,年底双薪",1-2年,会计/会计师,4500-5000
 南京儒乐源餐饮有限公司 ,会计, 定淮门 ,不限,"包吃,包住",不限,会计/会计师,3000-5000
 南京秀指美容用品销售中心 ,诚聘会计, 定淮门 ,不限,,不限,会计/会计师,3000-5000
 南京富特莱数码科技实业有限公司 ,总账会计5年经验, 定淮门 ,不限,"五险一金,包吃,包住,加班补助",不限,会计/会计师,面议
 南京军翔市政工程有限公司 ,会计, 定淮门 ,高中,"五险一金,包吃,包住",不限,会计/会计师,3000-5000
 南京苏邦货物运输有限公司 ,会计, 定淮门 ,大专,五险一金,3-5年,会计/会计师,面议
 南京盈丰典当有限公司 ,财务会计, 定淮门 ,不限,"五险一金,年底双薪,饭补,周末双休",1-2年,会计/会计师,面议
 南京世佑建设工程有限公司 ,会计, 定淮门 ,大专,五险一金,3-5年,会计/会计师,4500-5500
 江苏来盛食品有限公司 ,会计/会计师, 定淮门 ,不限,"包吃,包住",不限,会计/会计师,3000-5000
 南京诗荣泵机厂（普通合伙） ,会计/会计师, 定淮门 ,不限,"五险一金,包吃,饭补,加班补助",不限,会计/会计师,面议
 南京清卓企业管理咨询有限公司 ,会计, 定淮门 ,不限,"五险一金,周末双休,加班补助",1-2年,会计/会计师,4000-6000
 宣城市杰达再生建材有限公司 ,会计/会计师, 定淮门 ,不限,,不限,会计/会计师,面议
 南京市建邺区普济堂保健按摩中心 ,会计, 定淮门 ,大专,"五险一金,周末双休",3-5年,会计/会计师,4000-6000
 南京惠道佳商贸有限公司 ,会计+五险, 定淮门 ,大专,"饭补,加班补助",3-5年,会计/会计师,4000-6000
 南京捷亚凯财税咨询有限公司 ,招退休会计师地址常府街, 定淮门 ,中专,加班补助,10年以上,会计/会计师,面议
 南京都亮市政工程有限公司 ,会计, 定淮门 ,不限,"五险一金,周末双休",不限,会计/会计师,6000-8000
 南京振坤物流有限公司 ,诚招会计2名, 定淮门 ,不限,"包吃,包住,年底双薪,周末双休,交通补助",3-5年,会计/会计师,4000-6000
 南京同方制衣有限责任公司 ,会计, 定淮门 ,不限,"五险一金,包吃,包住,年底双薪",不限,会计/会计师,面议
 南京爱斯米餐饮管理有限公司 ,收入会计, 定淮门 ,大专,,1-2年,会计/会计师,4000-6000
 南京斐群商贸有限公司 ,新兴集团公司招总账会计, 定淮门 ,不限,求职保障,不限,会计/会计师,面议
 江苏永冒食品有限公司 ,会计出纳, 定淮门 ,大专,"五险一金,周末双休",1-2年,会计/会计师,4000-4500
 南京市秦淮区牧洋曲食品店 ,驻外会计, 定淮门 ,不限,"包住,加班补助",1年以下,会计/会计师,3000-5000
 南京创友财税管理有限公司 ,会计, 定淮门 ,大专,周末双休,不限,会计/会计师,面议
 南京苏克达装饰材料有限公司 ,会计, 定淮门 ,大专,"包吃,交通补助,五险一金",3-5年,会计/会计师,5500-9000
 南京庆强汽车服务有限公司 ,内账会计, 科学园 ,不限,"包吃,包住,年底双薪,话补,加班补助",不限,会计/会计师,面议
 南京永新裕餐饮管理有限公司 ,会计, 科学园 ,不限,"五险一金,包吃,周末双休",不限,会计/会计师,面议
 南京市浦口区泉迈建筑工程有限… ,会计, 科学园 ,不限,"五险一金,包吃,包住,年底双薪,话补",不限,会计/会计师,4000-6000
 南京明阳建筑工程有限公司 ,会计/会计师, 科学园 ,不限,,不限,会计/会计师,3000-5000
 南京都梁法律咨询有限公司 ,会计, 科学园 ,本科,"五险一金,周末双休,话补,交通补助,加班补助",3-5年,会计/会计师,4000-8000
 南京华邦食品有限公司 ,直招会计师库房成本核算, 科学园 ,大专,"包吃,包住,加班补助,交通补助,话补",3-5年,会计/会计师,面议
 南京金汤仓储服务有限公司 ,电商仓库急招会计, 科学园 ,大专,"五险一金,周末双休,交通补助,饭补",不限,会计/会计师,4000-5000
 南京同方制衣有限责任公司 ,急聘总账会计, 科学园 ,不限,"包吃,五险一金",3-5年,会计/会计师,面议
 济南中澳益宇农业科技有限公司 ,会计, 科学园 ,本科,"五险一金,周末双休,交通补助,加班补助,饭补",1年以下,会计/会计师,4500-5000
 浙江祥果贸易有限公司 ,税务会计高薪包吃住, 科学园 ,大专,"包吃,包住",6-7年,会计/会计师,6000-8000
 南京乐喜物流科技有限公司 ,高薪诚聘会计主管, 科学园 ,本科,周末双休,3-5年,会计/会计师,6000-8000
 南京金樽财务咨询有限公司 ,全职会计, 科学园 ,不限,"五险一金,周末双休,话补,交通补助,饭补",不限,会计/会计师,3500-7000
 南京润林财务咨询有限公司 ,会计, 科学园 ,不限,,不限,会计/会计师,2500-5000
 双轮泵业南京销售有限公司 ,会计/会计师, 科学园 ,不限,"五险一金,周末双休",不限,会计/会计师,3000-5000
 南京艾佳艾餐饮管理有限公司 ,会计, 科学园 ,不限,五险一金,3-5年,会计/会计师,3000-5000
 南京皓博建筑劳务有限公司 ,会计, 科学园 ,大专,五险一金,3-5年,会计/会计师,4500-5500
 南京嘟小白食品有限公司 ,会计, 科学园 ,大专,,1-2年,会计/会计师,3000-5000
 南京欧倍仕食品有限公司 ,会计, 科学园 ,大专,"五险一金,话补,交通补助",3-5年,会计/会计师,5000-7000
 南京通久汽车维修服务有限公司 ,诚招会计高薪, 科学园 ,不限,"五险一金,包吃,交通补助,加班补助,话补",不限,会计/会计师,4000-7000
 南京乔尔工贸实业有限公司 ,会计, 科学园 ,不限,"五险一金,包吃,周末双休,年底双薪,交通补助",不限,会计/会计师,面议
 江苏 企业管理有限公司 ,总账会计, 科学园 ,不限,"年底双薪,话补",不限,会计/会计师,5000-8000
 江苏永同昌实业发展有限公司 ,会计, 科学园 ,大专,"五险一金,加班补助",3-5年,会计/会计师,3500-5000
 南京平亚食品有限公司 ,会计, 科学园 ,大专,"五险一金,周末双休,年底双薪,房补,交通补助",不限,会计/会计师,3000-5000
 南京市六合区嘉佑鹅卵石厂 ,会计/会计师, 科学园 ,不限,五险一金,不限,会计/会计师,面议
 南京纳爱农业科技有限公司 ,会计, 科学园 ,不限,,不限,会计/会计师,面议
 南京鑫卓酒店用品有限公司 ,会计, 科学园 ,不限,"五险一金,包吃",不限,会计/会计师,4000-6000
 南京经五路百货超市店 ,会计/会计师, 科学园 ,不限,"五险一金,包吃",3-5年,会计/会计师,4500-5000
 常州家门口会计 ,南京公司做帐会计, 科学园 ,大专,"五险一金,周末双休,年底双薪,话补,交通补助",3-5年,会计/会计师,4500-6500
 南京市浦口区天润城伟才幼儿园 ,会计, 科学园 ,大专,"包吃,周末双休,年底双薪,加班补助",3-5年,会计/会计师,面议
 南京鹏子逸科技发展有限公司 ,会计, 科学园 ,大专,周末双休,3-5年,会计/会计师,4000-4500
 江苏三六五网络股份有限公司 ,外勤会计, 科学园 ,大专,交通补助,不限,会计/会计师,面议
 南京汤峰机电有限公司 ,会计, 科学园 ,不限,,不限,会计/会计师,5000-6000
 南京方平财务服务有限公司 ,会计, 科学园 ,不限,周末双休,不限,会计/会计师,面议
 南京兆力汽车销售有限公司 ,会计, 科学园 ,不限,"包吃,五险一金",1-2年,会计/会计师,4000-6000
 南京英宁斯保温材料有限公司 ,会计, 科学园 ,大专,,不限,会计/会计师,面议
 南京欢硬莆窆芾碛邢薰司 ,会计, 建邺区 ,不限,周末双休,不限,会计/会计师,3000-5000
 南京卓晖科技有限公司 ,会计, 建邺区 ,不限,五险一金,不限,会计/会计师,4000-5000
 南京巨康管业有限公司 ,会计, 建邺区 ,大专,"包吃,包住",不限,会计/会计师,4000-4500
 南京市鼓楼区跃宜百货经营部 ,会计, 建邺区 ,不限,,不限,会计/会计师,3000-5000
 南京蓝气球网络科技有限公司 ,做账主办会计, 建邺区 ,本科,"五险一金,包吃,周末双休,话补,饭补",3-5年,会计/会计师,面议
 南京骄宴食品有限公司 ,江宁众彩会计出纳五千起, 建邺区 ,不限,,不限,会计/会计师,5000-8000
 南京恒时汇铝业科技发展有限公司 ,总账会计会计主管, 建邺区 ,大专,"五险一金,包吃,包住,周末双休,话补",6-7年,会计/会计师,8000-10000
 南京俊红果蔬专业合作社 ,会计, 建邺区 ,大专,"包住,交通补助,包吃",1-2年,会计/会计师,3000-6000
 南京创元房地产开发有限公司 ,会计, 建邺区 ,不限,,不限,会计/会计师,3000-5000
 南京安配轩汽配有限公司 ,会计, 建邺区 ,不限,,不限,会计/会计师,3000-5000
 中山市捷德汽车用品有限公司 ,会计, 建邺区 ,不限,"包吃,包住",不限,会计/会计师,4000-4500
 南京骏汉物资实业有限公司 ,会计, 建邺区 ,本科,"五险一金,饭补",3-5年,会计/会计师,3000-5000
 南京好助手财务管理有限公司 ,代账公司招总账会计, 建邺区 ,高中,"五险一金,周末双休,年底双薪,话补,饭补",3-5年,会计/会计师,4000-6000
 南京蓝菲商业管理有限公司 ,会计, 建邺区 ,大专,五险一金,1-2年,会计/会计师,3000-5000
 江苏舜天碧波物业管理有限公司 ,会计, 建邺区 ,中专,"求职保障,周末双休,包吃,五险一金",3-5年,会计/会计师,4500-5000
 南京市浦口区吴纯怀卫浴销售中心 ,会计/会计师, 建邺区 ,不限,包吃,不限,会计/会计师,3000-5000
 南京经五路百货超市店 ,会计, 建邺区 ,不限,五险一金,3-5年,会计/会计师,4500-5300
 南京伟兆建筑装饰设计工程有限… ,做帐会计, 建邺区 ,不限,,不限,会计/会计师,面议
 江苏慧发企业管理有限公司 ,会计, 建邺区 ,大专,"包吃,交通补助,加班补助",1-2年,会计/会计师,面议
 江苏君威置业有限公司 ,总账会计, 建邺区 ,本科,包吃,3-5年,会计/会计师,8000-10000
 南京格能润滑油有限公司 ,会计, 建邺区 ,不限,"五险一金,周末双休,饭补",不限,会计/会计师,面议
 南京金志精密机电有限公司 ,会计总账, 建邺区 ,不限,"五险一金,加班补助",不限,会计/会计师,4000-6000
 南京诚善商务服务有限公司 ,会计, 建邺区 ,大专,"五险一金,周末双休,加班补助",不限,会计/会计师,3000-5000
 南京寰宁建筑安装工程有限公司 ,会计/会计师, 建邺区 ,不限,,不限,会计/会计师,面议
 南京市浦口区泉迈建筑工程有限… ,主办会计, 建邺区 ,不限,"五险一金,包住,包吃,年底双薪",3-5年,会计/会计师,面议
 南京金纬机械制造有限公司 ,总账会计, 建邺区 ,不限,"包吃,交通补助",3-5年,会计/会计师,4500-5000
 华芝隆（舟山）能源有限公司 ,会计, 建邺区 ,本科,"五险一金,年底双薪",3-5年,会计/会计师,面议
 华芝隆（舟山）能源有限公司 ,会计/会计师, 建邺区 ,大专,"包住,包吃,五险一金,年底双薪",3-5年,会计/会计师,面议
 南京华必达商贸有限公司 ,会计, 建邺区 ,大专,"五险一金,周末双休,年底双薪",6-7年,会计/会计师,4300-5000
 南京安顺化工贸易有限公司 ,会计/会计师, 建邺区 ,不限,周末双休,不限,会计/会计师,面议
 南京鑫达隆财务管理有限公司 ,会计, 建邺区 ,不限,周末双休,10年以上,会计/会计师,6000-10000
 南京永乐财务有限公司 ,直聘会计2年经验, 建邺区 ,大专,"五险一金,周末双休",1-2年,会计/会计师,4000-6000
 南京绿能农业科技有限公司 ,会计, 建邺区 ,不限,,不限,会计/会计师,面议
 上海弛泉科技（集团）有限公司 ,会计, 建邺区 ,大专,"五险一金,包吃,年底双薪,加班补助,周末双休",3-5年,会计/会计师,6000-8000
 安徽德绿坊食品有限公司 ,主办会计, 建邺区 ,大专,"五险一金,包吃,交通补助,加班补助",6-7年,会计/会计师,4500-5500
 南京世纪恒缘企业管理服务有限… ,直聘会计高薪, 建邺区 ,大专,"五险一金,周末双休",3-5年,会计/会计师,4000-7000
 南京梦圆朝露网络科技有限公司 ,会计, 建邺区 ,不限,周末双休,不限,会计/会计师,2500-3000
 南京海派会计事务代理有限公司 ,总账会计, 建邺区 ,不限,周末双休,不限,会计/会计师,3000-5000
 南京久刚建设工程有限公司江北… ,会计, 建邺区 ,不限,,不限,会计/会计师,面议
 南京瑞征机电工程有限公司 ,会计, 建邺区 ,高中,,1-2年,会计/会计师,3000-5000
 南京宇星宏企业管理咨询有限公司 ,会计/会计师, 建邺区 ,大专,周末双休,不限,会计/会计师,3000-5000
 南京太阳花食品有限公司 ,直聘会计2年经验, 建邺区 ,不限,"五险一金,饭补,加班补助",不限,会计/会计师,3000-6000
 南京市雨花台区金瀚五金经营部 ,会计/会计师, 建邺区 ,大专,"五险一金,年底双薪",不限,会计/会计师,4000-5000
 南京极云供应链管理有限公司 ,会计会计师结算会计栖霞, 建邺区 ,大专,"房补,话补,交通补助,饭补,加班补助",1-2年,会计/会计师,5000-6000
 南通通博设备安装工程有限公司… ,会计, 建邺区 ,不限,"五险一金,包吃,周末双休",3-5年,会计/会计师,面议
 南京汇风达网络科技有限公司 ,招出纳会计, 建邺区 ,本科,,1-2年,会计/会计师,4000-6000
 南京瑜轩礼品有限公司 ,会计, 建邺区 ,不限,周末双休,1-2年,会计/会计师,3000-5000
 南京帝钛医疗投资管理有限公司 ,会计, 建邺区 ,大专,"周末双休,话补,交通补助,饭补",1-2年,会计/会计师,3000-5000
 南京祥和制冷设备有限公司 ,会计, 建邺区 ,大专,"包吃,周末双休,饭补,加班补助",3-5年,会计/会计师,3000-5000
 江苏新顺利消防设备有限公司 ,会计, 建邺区 ,中专,包吃,不限,会计/会计师,面议
 南京屹隽品牌管理有限公司 ,会计/会计师, 建邺区 ,不限,,3-5年,会计/会计师,4500-5500
 江苏式度智能家居有限公司 ,会计, 建邺区 ,大专,"五险一金,包吃,包住,周末双休",3-5年,会计/会计师,4000-5000
 南京鼎柱企业咨询管理有限公司 ,会计, 建邺区 ,大专,"话补,周末双休,包住",1-2年,会计/会计师,4500-6000
 南京凰旭生物科技有限公司 ,会计, 建邺区 ,不限,"五险一金,周末双休,话补,交通补助,饭补",不限,会计/会计师,面议
 南京麦金地餐饮管理有限公司 ,会计, 建邺区 ,本科,"五险一金,包住,包吃",不限,会计/会计师,3500-4500
 南京麦金地餐饮管理有限公司 ,会计, 建邺区 ,大专,"五险一金,包吃,包住,加班补助,年底双薪",1-2年,会计/会计师,面议
 南京新图建筑工程有限公司 ,招聘会计, 建邺区 ,不限,"五险一金,包吃,包住,交通补助",不限,会计/会计师,面议
 南京鼎臣百货商贸有限公司 ,出纳会计, 建邺区 ,不限,包住,1-2年,会计/会计师,4000-6000
 南京台赞贸易有限公司 ,会计, 建邺区 ,高中,"求职保障,五险一金",3-5年,会计/会计师,3500-4000
 南京苏聚商贸有限公司 ,会计, 建邺区 ,不限,加班补助,1-2年,会计/会计师,面议
 南京泰山建设工程有限公司 ,会计, 建邺区 ,大专,"五险一金,周末双休",3-5年,会计/会计师,3000-5000
 南京坤江化工有限公司 ,会计/会计师, 建邺区 ,不限,,不限,会计/会计师,面议
 南京沃兴杰建筑工程有限公司 ,会计, 建邺区 ,不限,,不限,会计/会计师,面议
 南京儒能信息科技有限公司 ,会计, 建邺区 ,大专,"五险一金,周末双休",1-2年,会计/会计师,3500-5000
 南京景生源生物科技有限公司 ,出纳会计, 建邺区 ,不限,包吃,不限,会计/会计师,面议
 南京昊汪达汽车维修有限公司 ,会计, 建邺区 ,大专,,3-5年,会计/会计师,3000-5000
 南京吾爱冷气设备有限公司 ,会计行政助理, 建邺区 ,本科,"求职保障,话补,包吃",3-5年,会计/会计师,面议
 南京易诺家建材有限责任公司 ,会计, 建邺区 ,大专,"五险一金,交通补助,年底双薪",3-5年,会计/会计师,5000-8000
 江苏昱M能源集团有限公司 ,总账会计, 建邺区 ,不限,"包吃,周末双休,饭补",不限,会计/会计师,面议
 南京卡运隆资产管理有限公司 ,会计, 建邺区 ,大专,"五险一金,包吃,包住,加班补助",不限,会计/会计师,4000-5000
 南京拓宏建筑工程有限公司 ,工程会计, 奥南 ,不限,"五险一金,周末双休,话补,交通补助",6-7年,会计/会计师,5000-7000
 南京普阑尼信息技术有限公司 ,会计, 奥南 ,不限,,不限,会计/会计师,面议
 南京晨牧建设工程有限公司 ,会计/会计师, 奥南 ,不限,,不限,会计/会计师,面议
 江苏颐航建设工程有限公司 ,会计/会计师, 奥南 ,不限,"包吃,包住,周末双休",1-2年,会计/会计师,面议
 南京儒乐源餐饮有限公司 ,会计, 奥南 ,大专,"五险一金,包吃,周末双休,交通补助,加班补助",1-2年,会计/会计师,4000-8000
 仪征市天天美假发店 ,会计, 奥南 ,不限,"包吃,包住,加班补助",3-5年,会计/会计师,5000-8000
 南京邦泽劳务有限公司 ,会计, 奥南 ,不限,"包吃,包住,交通补助",不限,会计/会计师,5000-10000
 江苏景库物资贸易有限公司 ,会计, 奥南 ,不限,"包住,饭补",不限,会计/会计师,3000-5000
 南京新概念农业科技有限公司 ,会计, 奥南 ,大专,"五险一金,包吃,包住",3-5年,会计/会计师,面议
 南京天大置业有限公司 ,会计, 奥南 ,大专,"五险一金,周末双休",6-7年,会计/会计师,6000-8000
 南京天大置业有限公司 ,招聘会计5年经验, 奥南 ,大专,"五险一金,周末双休",6-7年,会计/会计师,6000-8000
 南京天大置业有限公司 ,诚聘会计高薪, 奥南 ,大专,"五险一金,周末双休",6-7年,会计/会计师,6000-8000
 江苏朱门国际休闲露营地度假村… ,会计, 奥南 ,不限,"五险一金,包住",不限,会计/会计师,面议
 南京嘉谷企业管理有限公司 ,急聘会计高薪, 奥南 ,不限,"话补,周末双休,五险一金",不限,会计/会计师,4000-8000
 苏州*建筑集团有限公司南京分… ,会计/会计师, 奥南 ,不限,"五险一金,包吃,周末双休",不限,会计/会计师,面议
 南京为人人财务顾问有限公司 ,总账会计, 奥南 ,大专,"五险一金,周末双休,交通补助,话补",1-2年,会计/会计师,4000-6000
 江苏中体建设有限公司 ,会计, 奥南 ,不限,"五险一金,包吃",不限,会计/会计师,面议
 南京乐享安全系统有限公司 ,现金会计, 奥南 ,不限,,不限,会计/会计师,3500-5000
 江苏前卫保安服务有限公司 ,会计, 奥南 ,不限,"五险一金,周末双休",1-2年,会计/会计师,2600-4500
 南京欧莎莱贸易有限公司 ,会计, 奥南 ,大专,"五险一金,周末双休",3-5年,会计/会计师,面议
 南京二五六铁路车辆配件有限公司 ,会计/会计师, 奥南 ,不限,,不限,会计/会计师,面议
 南京星联德环境工程有限公司 ,会计, 奥南 ,中专,"五险一金,交通补助,饭补",1-2年,会计/会计师,3000-5000
 南京市江宁区阿君餐馆 ,总账会计, 奥南 ,高中,"求职保障,五险一金,包吃,周末双休",3-5年,会计/会计师,面议
 南京泉满餐饮管理有限公司 ,急招会计高薪, 奥南 ,不限,"五险一金,饭补",不限,会计/会计师,4000-5000
 江苏领航人才开发有限公司 ,坐班财务会计, 奥南 ,大专,"五险一金,周末双休",1-2年,会计/会计师,面议
 南京诚品财务咨询有限公司 ,急会计高薪退休返聘, 奥南 ,中专,"五险一金,周末双休,加班补助",3-5年,会计/会计师,4000-6000
 南京思锐广告传播有限公司 ,会计五险双休三千起, 奥南 ,大专,"五险一金,包住,周末双休,年底双薪,话补",1-2年,会计/会计师,3000-6000
 南京金厚会计师事务所有限公司 ,外勤会计, 奥南 ,大专,"五险一金,周末双休,交通补助,加班补助,年底双薪",3-5年,会计/会计师,3000-4500
 南京金安建筑劳务有限公司 ,会计出纳, 奥南 ,不限,周末双休,1-2年,会计/会计师,面议
 南京安吉特矿山 ,财务主管, 奥南 ,不限,"包吃,加班补助,年底双薪,包住,五险一金",不限,会计/会计师,7000-8000
 南京杰斯达挤出设备有限公司 ,会计, 奥南 ,不限,加班补助,不限,会计/会计师,3000-5000
 南京市六合区九棵松建材营销中心 ,会计, 奥南 ,不限,饭补,1-2年,会计/会计师,3000-6000
 南京英智供应链管理有限公司 ,会计, 奥南 ,本科,"五险一金,周末双休",6-7年,会计/会计师,3000-5000
 南京善晨酒业商贸有限公司 ,会计, 奥南 ,不限,,不限,会计/会计师,3000-5000
 江苏伟拓力电力工程技术有限公司 ,总账会计, 奥南 ,大专,"包吃,包住,周末双休,年底双薪,交通补助",3-5年,会计/会计师,面议
 南京米郎商贸有限公司 ,现金会计, 高新区 ,大专,"五险一金,周末双休",1-2年,会计/会计师,面议
 南京蓝污水处理设备有限公司 ,会计, 高新区 ,不限,,不限,会计/会计师,面议
 南京剪艺剪信息科技有限公司 ,总账会计高薪双休3年经验, 高新区 ,本科,"周末双休,交通补助,五险一金,年底双薪",3-5年,会计/会计师,8000-12000
 南京森晖进出口有限公司 ,会计, 高新区 ,大专,"五险一金,周末双休",3-5年,会计/会计师,6000-8000
 南京开创标准件制造有限公司 ,会计, 高新区 ,不限,"周末双休,包吃,年底双薪",3-5年,会计/会计师,面议
 南京骏腾汽车服务有限公司 ,会计/会计师, 高新区 ,不限,五险一金,不限,会计/会计师,3000-5000
 南京市雨花台区世鼎信木业销售… ,会计, 高新区 ,不限,"包吃,包住",不限,会计/会计师,3000-5000
 苏州*建筑集团有限公司南京分… ,会计/会计师, 高新区 ,不限,,不限,会计/会计师,3000-5000
 南京海洋海事技术有限公司 ,会计/会计师, 高新区 ,不限,"五险一金,房补,饭补",不限,会计/会计师,3000-5000
 南京鹏诚洗涤有限公司 ,会计, 高新区 ,大专,,3-5年,会计/会计师,4000-5000
 南京森晖进出口有限公司 ,主办会计, 高新区 ,大专,"五险一金,周末双休",3-5年,会计/会计师,6000-8000
 南京才藻课外教育培训中心有限… ,做班会计带证上岗2年经验, 高新区 ,不限,"包吃,包住",不限,会计/会计师,4000-7000
 南京永盾被装有限公司 ,虹桥中心一般纳税人会计, 高新区 ,不限,"话补,交通补助,饭补",不限,会计/会计师,4000-5000
 南京影务商务服务有限公司 ,急聘会计, 高新区 ,大专,"包吃,包住",1-2年,会计/会计师,5000-6000
 南京创新禾丰餐饮管理有限公司 ,会计/石油化工企业, 高新区 ,大专,"五险一金,饭补,加班补助,年底双薪",3-5年,会计/会计师,5000-7000
 南京硕达建设工程有限公司 ,会计, 高新区 ,大专,"五险一金,包住,包吃,饭补,话补",3-5年,会计/会计师,5000-6000
 南京睿渊职业技能培训有限公司 ,会计高薪2年经验, 高新区 ,大专,"五险一金,周末双休",1-2年,会计/会计师,4000-6000
 南京市雨花台区峰智建材销售中心 ,会计, 高新区 ,不限,,不限,会计/会计师,4000-5000
 南京埃尔顿智能科技有限公司 ,会计, 高新区 ,大专,,6-7年,会计/会计师,面议
 江苏华陵环境工程有限公司 ,会计, 高新区 ,大专,"周末双休,包吃,年底双薪",3-5年,会计/会计师,面议
 南京鸿纳财务咨询有限公司 ,会计, 高新区 ,大专,"年底双薪,周末双休",3-5年,会计/会计师,3000-5000
 中建国峰(海南)建设集团江苏… ,现金会计, 高新区 ,本科,,1-2年,会计/会计师,3000-5000
 南京臻雅金属制品有限公司 ,招商开单员会计, 高新区 ,不限,"五险一金,年底双薪,加班补助",不限,会计/会计师,3000-5000
 南京成欣隆珠宝首饰有限公司 ,会计, 高新区 ,大专,,不限,会计/会计师,面议
 南京论雄酒业有限公司 ,招记账会计, 高新区 ,大专,"包吃,年底双薪,交通补助,饭补,话补",3-5年,会计/会计师,4000-6000
 南京垣铭建材有限公司 ,会计, 高新区 ,大专,,不限,会计/会计师,面议
 南京垣铭建材有限公司 ,会计, 高新区 ,大专,包吃,3-5年,会计/会计师,面议
 南京一二三会计服务有限公司 ,外勤会计, 高新区 ,大专,"五险一金,交通补助",不限,会计/会计师,3500-7000
 南京超味食品有限公司 ,会计, 高新区 ,不限,"包吃,包住",不限,会计/会计师,3000-5000
 江苏钢美建材贸易有限公司 ,会计, 高新区 ,大专,包吃,1-2年,会计/会计师,面议
 江苏腔建筑科技有限公司 ,建筑会计, 高新区 ,不限,,不限,会计/会计师,面议
 南京仙林江风渔馆餐饮有限公司 ,成本会计, 高新区 ,大专,,不限,会计/会计师,3000-4000
 南京晨旺房地产开发有限公司 ,会计, 高新区 ,不限,,不限,会计/会计师,面议
 南京宝光会计事务代理有限公司 ,会计师, 高新区 ,大专,周末双休,6-7年,会计/会计师,4000-4500
 江苏久腾医学科技有限公司 ,会计, 高新区 ,本科,"周末双休,加班补助,饭补,年底双薪",3-5年,会计/会计师,面议
 南京中浦龙劳务服务有限公司 ,会计/会计师, 江浦街道 ,大专,周末双休,3-5年,会计/会计师,4000-5000
 南京金仕途企业管理咨询有限公司 ,会计总账实习老会计协助, 江浦街道 ,不限,加班补助,不限,会计/会计师,面议
 南京北汲鑫建设工程有限公司 ,会计, 江浦街道 ,不限,周末双休,不限,会计/会计师,面议
 江苏御港物流有限公司 ,会计, 江浦街道 ,大专,五险一金,1-2年,会计/会计师,4000-6000
 南京考越教育文化有限公司 ,会计, 江浦街道 ,大专,"五险一金,周末双休,房补,交通补助,饭补",6-7年,会计/会计师,4000-5000
 江苏省鑫达财务咨询有限公司 ,会计/会计师, 江浦街道 ,不限,"五险一金,周末双休,交通补助",不限,会计/会计师,3000-5000
 南京苏豪种业有限公司 ,会计, 江浦街道 ,不限,加班补助,不限,会计/会计师,3000-5000
 南京东一物流有限公司 ,会计/会计师, 江浦街道 ,不限,周末双休,不限,会计/会计师,3000-5000
 南京丰禹食品有限公司 ,会计, 江浦街道 ,大专,"五险一金,加班补助",1-2年,会计/会计师,4000-4500
 南京中弘建筑装饰工程有限公司 ,急招会计, 江浦街道 ,大专,"周末双休,五险一金",不限,会计/会计师,面议
 南京骑贝商贸有限公司 ,会计, 江浦街道 ,大专,"五险一金,加班补助",3-5年,会计/会计师,5000-8000
 江苏东风南方汽车销售服务有限… ,会计五险一金双薪工作餐, 江浦街道 ,大专,"五险一金,包吃,加班补助",不限,会计/会计师,4000-5000
 南京双鹏橱柜有限公司 ,会计, 江浦街道 ,不限,,不限,会计/会计师,3000-5000
 南京建络贸易有限公司 ,会计, 江浦街道 ,大专,"包吃,周末双休",1-2年,会计/会计师,3000-5000
 南京开景建设工程有限公司 ,会计, 江浦街道 ,大专,,6-7年,会计/会计师,4000-5000
 南京智邦科技发展有限公司 ,会计, 江浦街道 ,不限,"五险一金,周末双休,饭补",3-5年,会计/会计师,4000-5000
 江苏悦华养老服务有限公司 ,会计, 江浦街道 ,大专,"包吃,五险一金",3-5年,会计/会计师,4000-6000
 南京惠捷环境科技有限公司 ,会计, 江浦街道 ,不限,"五险一金,话补,加班补助",3-5年,会计/会计师,3500-5000
 南京创为企业管理有限公司 ,外勤会计周末双休, 江浦街道 ,不限,"周末双休,交通补助,加班补助,饭补,五险一金",不限,会计/会计师,2500-4000
 南京秦淮河建设开发有限公司 ,综合会计岗, 江浦街道 ,本科,"周末双休,饭补",6-7年,会计/会计师,6666-10000
 南京广识文化发展有限公司 ,会计, 江浦街道 ,大专,"包吃,周末双休",不限,会计/会计师,面议
 南京市江宁区圆伴零食店 ,会计/会计师, 江浦街道 ,不限,"包吃,房补,饭补,加班补助",不限,会计/会计师,5000-8000
 南京阆苑物流有限公司 ,会计, 江浦街道 ,高中,"五险一金,包吃,周末双休,话补,交通补助",1-2年,会计/会计师,面议
 南京闫之有味餐饮管理有限公司 ,会计, 江浦街道 ,大专,"包吃,包住,周末双休",3-5年,会计/会计师,面议
 南京云谷供应链管理有限公司 ,往来会计, 江浦街道 ,大专,五险一金,不限,会计/会计师,4000-6000
 南京欧飞财务咨询有限公司 ,会计/会计师, 江浦街道 ,不限,"五险一金,周末双休",不限,会计/会计师,面议
 南京向阳工贸有限公司 ,会计, 江浦街道 ,本科,"五险一金,包住,包吃,年底双薪,交通补助",不限,会计/会计师,3000-5000
 南京百诚财务管理有限公司 ,会计/会计师, 江浦街道 ,不限,"五险一金,包吃,周末双休",不限,会计/会计师,面议
 南京华远储运有限公司 ,会计/会计师, 江浦街道 ,大专,五险一金,3-5年,会计/会计师,3000-5000
 中铁国华财务咨询江苏有限公司 ,会计, 江浦街道 ,本科,"五险一金,周末双休,年底双薪,加班补助",不限,会计/会计师,面议
 南京市浦口区暖春科技信息咨询… ,会计, 江浦街道 ,不限,周末双休,不限,会计/会计师,3000-6000
 江苏拼搏者企业管理有限公司 ,会计, 江浦街道 ,大专,"五险一金,周末双休",1年以下,会计/会计师,3000-5000
 南京永华汽车检测服务有限公司 ,专职会计或财务, 江浦街道 ,大专,"加班补助,五险一金",6-7年,会计/会计师,面议
 南京中榜集成房屋科技有限公司 ,会计, 江浦街道 ,不限,周末双休,不限,会计/会计师,面议
 南京支点建设工程有限公司 ,出纳, 江浦街道 ,不限,"五险一金,包吃,周末双休",不限,会计/会计师,面议
 南京杰宁商贸有限公司 ,会计, 五塘广场 ,大专,"五险一金,包吃",3-5年,会计/会计师,4500-5000
 南京剪艺剪信息科技有限公司 ,注会会计会计代账助理, 五塘广场 ,大专,"周末双休,交通补助,加班补助,五险一金,包住",3-5年,会计/会计师,4000-8000
 南京京国投餐饮管理有限公司 ,会计, 五塘广场 ,大专,"五险一金,饭补,包住,话补",6-7年,会计/会计师,6000-8000
 南京市浦口区暖春科技信息咨询… ,总账会计, 五塘广场 ,不限,周末双休,不限,会计/会计师,4000-6000
 江苏泛联金控建设有限公司 ,会计, 五塘广场 ,本科,五险一金,1-2年,会计/会计师,面议
 南京奋发会计事务代理有限责任… ,总账会计, 五塘广场 ,不限,"五险一金,周末双休",3-5年,会计/会计师,3000-5000
 南京中财云企业管理有限公司 ,会计, 五塘广场 ,大专,"五险一金,周末双休,交通补助",3-5年,会计/会计师,3000-6000
 南京中财云企业管理有限公司 ,外勤会计, 五塘广场 ,不限,"五险一金,周末双休,交通补助",1-2年,会计/会计师,3000-6000
 南京中财云企业管理有限公司 ,实习会计, 五塘广场 ,不限,,不限,会计/会计师,1000-1500
 南京景程招标代理有限公司 ,总账会计, 五塘广场 ,本科,周末双休,1-2年,会计/会计师,面议
 南京坤江化工有限公司 ,会计/会计师, 五塘广场 ,不限,"周末双休,年底双薪,话补,交通补助,饭补",不限,会计/会计师,面议
 江苏茂源汽车销售服务有限公司 ,会计, 五塘广场 ,大专,,3-5年,会计/会计师,面议
 江苏金志扬建设工程有限公司 ,会计, 五塘广场 ,本科,"五险一金,周末双休,年底双薪,交通补助",3-5年,会计/会计师,面议
 南京博苑望景保育服务有限公司 ,会计, 五塘广场 ,本科,"五险一金,周末双休",不限,会计/会计师,面议
 南京德雷士食品有限公司 ,会计, 五塘广场 ,本科,包吃,不限,会计/会计师,4500-5500
 南京东睦粉末冶金有限公司 ,总账会计, 五塘广场 ,本科,"五险一金,交通补助,加班补助,周末双休",不限,会计/会计师,面议
 南京呗斯特城市环境工程有限公司 ,会计, 五塘广场 ,大专,"周末双休,交通补助,饭补",1-2年,会计/会计师,3000-6000
 南京昌亚食品有限公司 ,会计, 五塘广场 ,大专,五险一金,不限,会计/会计师,面议
 南京普天蓝木业有限公司 ,会计, 五塘广场 ,大专,"包吃,包住",1-2年,会计/会计师,面议
 南京涵昊电子科技有限公司 ,会计, 五塘广场 ,不限,周末双休,不限,会计/会计师,面议
 南京昊天玻璃科技有限公司 ,会计文员, 五塘广场 ,大专,"五险一金,包吃,包住,话补",1-2年,会计/会计师,4000-4500
 江苏龙在湖旅游度假区有限公司 ,会计, 五塘广场 ,大专,,3-5年,会计/会计师,面议
 南京爱多多妇幼保健有限责任公司 ,全职会计, 五塘广场 ,大专,"加班补助,包住",3-5年,会计/会计师,4000-6000
 南京舒佳捷出租汽车有限责任公司 ,财务经理/主管, 五塘广场 ,大专,"五险一金,周末双休,年底双薪,饭补",6-7年,会计/会计师,面议
 南京市秦淮区牧易心理咨询工作室 ,会计, 五塘广场 ,不限,,不限,会计/会计师,面议
 江苏泛联金控建设有限公司 ,会计, 五塘广场 ,不限,五险一金,不限,会计/会计师,面议
 南京捷沃清洗服务有限公司 ,会计, 五塘广场 ,不限,"五险一金,话补,交通补助,饭补,加班补助",1-2年,会计/会计师,3000-5000
 南京追光人文化传媒有限公司 ,会计, 五塘广场 ,本科,包吃,1年以下,会计/会计师,面议
 南京千森节能科技有限公司 ,会计, 五塘广场 ,大专,,1-2年,会计/会计师,3000-4500
 南京安吉特矿山 ,总账会计+5年经验, 五塘广场 ,本科,"包吃,加班补助,年底双薪,包住,五险一金",3-5年,会计/会计师,面议
 南京浍牛食品有限公司 ,会计, 五塘广场 ,不限,,不限,会计/会计师,3000-5000
 嘉泽保险代理有限公司江苏分公司 ,财务会计出纳, 五塘广场 ,大专,五险一金,1-2年,会计/会计师,面议
 广州市金湘悦餐饮有限公司 ,财务会计8小时单休, 五塘广场 ,不限,"五险一金,包住,包吃,年底双薪,周末双休",不限,会计/会计师,6000-8000
 南京论雄酒业有限公司 ,聘总账会计, 五塘广场 ,大专,"包吃,年底双薪,交通补助,饭补,话补",3-5年,会计/会计师,4000-6000
 南京金达豪商贸有限公司 ,急召有工作经验的会计人员, 五塘广场 ,不限,加班补助,不限,会计/会计师,面议
 苏州*建筑集团有限公司南京分… ,会计主管, 建邺万… ,大专,"五险一金,包吃,周末双休",不限,会计/会计师,10000-15000
 苏州*建筑集团有限公司南京分… ,会计, 建邺万… ,大专,"五险一金,包吃,周末双休",不限,会计/会计师,3000-5000
 南京寿佰莲餐饮管理有限公司 ,办公室会计, 建邺万… ,大专,"求职保障,包住,包吃,交通补助,加班补助",不限,会计/会计师,4000-5500
 南京科赛斯新材料有限公司 ,会计, 建邺万… ,本科,,3-5年,会计/会计师,面议
 南京中天企业管理有限公司 ,会计/会计师, 建邺万… ,不限,"五险一金,周末双休",不限,会计/会计师,面议
 南京合奥汽车配件有限公司 ,会计, 建邺万… ,大专,"饭补,加班补助,五险一金",不限,会计/会计师,4000-5000
 南京安九物流有限公司 ,会计, 建邺万… ,大专,包吃,3-5年,会计/会计师,4000-5000
 南京邦仁人力资源有限公司 ,会计, 建邺万… ,大专,"五险一金,包吃",3-5年,会计/会计师,2020-4000
 江苏长菱汽车集团有限公司 ,总帐会计, 建邺万… ,大专,,1-2年,会计/会计师,5300-7000
 南京安茂建材有限公司 ,会计, 建邺万… ,大专,"包吃,房补,加班补助",3-5年,会计/会计师,5000-7000
 南京欧飞财务咨询有限公司 ,诚招总账会计双休, 建邺万… ,不限,"周末双休,交通补助,饭补",不限,会计/会计师,3000-6000
 易企通财务管理（南京）有限公司 ,代账会计, 建邺万… ,不限,"周末双休,加班补助,五险一金",3-5年,会计/会计师,4500-6000
 南京惠邦塑胶有限公司 ,会计, 建邺万… ,大专,饭补,1-2年,会计/会计师,5000-6000
 南京市六合区红车西饼店 ,会计, 建邺万… ,大专,"五险一金,饭补",6-7年,会计/会计师,5000-8000
 南京派盈装饰材料有限公司 ,会计, 建邺万… ,不限,"五险一金,包吃,包住",不限,会计/会计师,4500-8000
 南京晟广艺文化传媒有限公司 ,会计, 建邺万… ,不限,,不限,会计/会计师,3000-5000
 南京晶明塑料装饰材料有限公司 ,会计, 建邺万… ,不限,"交通补助,饭补",不限,会计/会计师,3000-3500
 南京瑞祥房屋拆除工程有限公司 ,全职会计, 建邺万… ,大专,"五险一金,包吃",3-5年,会计/会计师,面议
 江苏盖之宝包装科技有限公司 ,会计, 建邺万… ,不限,"包住,包吃,加班补助",1-2年,会计/会计师,面议
 南京晟华财务咨询有限公司 ,代账会计, 建邺万… ,大专,"五险一金,周末双休",1-2年,会计/会计师,3500-4500
 南京市浦口区恒江电器服务中心 ,会计, 建邺万… ,不限,"五险一金,周末双休",不限,会计/会计师,面议
 南京派德尚汽车维修服务有限公司 ,会计, 建邺万… ,中专,"周末双休,饭补",6-7年,会计/会计师,面议
 南京阿尔托雷贸易有限公司 ,会计一句容正阳汽配城, 建邺万… ,不限,"五险一金,年底双薪,包住,包吃",不限,会计/会计师,3500-7000
 南京市江宁区妍夫人皮草店 ,会计/会计师, 建邺万… ,不限,,不限,会计/会计师,3000-5000
 南京永蚨祥建设工程有限公司 ,会计, 建邺万… ,不限,,不限,会计/会计师,3000-5000
 南京奔腾钢结构有限公司 ,会计, 建邺万… ,不限,包吃,1-2年,会计/会计师,面议
 南京盛世纵横市政工程有限公司 ,会计, 建邺万… ,大专,,3-5年,会计/会计师,面议
 江苏聿乾建筑有限公司 ,会计, 建邺万… ,不限,五险一金,3-5年,会计/会计师,面议
 南京大掌柜财务管理咨询有限公司 ,2020年会计实习生, 建邺万… ,大专,"五险一金,年底双薪,周末双休",不限,会计/会计师,面议
 南京铂域网络工程有限公司 ,会计, 建邺万… ,不限,"五险一金,周末双休,饭补,加班补助",3-5年,会计/会计师,面议
 南京顺泽通讯工程有限公司 ,会计, 建邺万… ,不限,"包吃,周末双休",不限,会计/会计师,3000-5000
 南京超妍美容李林峰湖南路特许… ,会计, 建邺万… ,不限,"五险一金,包吃,包住",不限,会计/会计师,3500-4000
 南京市玄武区帮你忙财务信息咨… ,会计/会计师, 建邺万… ,不限,,不限,会计/会计师,面议
 南京宏岩进出口有限公司 ,会计, 建邺万… ,大专,,1-2年,会计/会计师,面议
 南京谦君基础工程有限公司 ,会计/会计师, 建邺万… ,不限,"五险一金,饭补",不限,会计/会计师,面议
 江苏谛星龙建筑科技有限公司 ,会计/会计师, 谷里 ,本科,,1-2年,会计/会计师,3000-5000
 南京恒盟货物运输有限公司 ,会计, 谷里 ,大专,周末双休,不限,会计/会计师,面议
 南京宁信源建筑劳务有限公司 ,诚聘前台接待, 谷里 ,大专,"年底双薪,包吃,包住",1年以下,会计/会计师,面议
 南京乔欧企业管理有限公司 ,会计/会计师, 谷里 ,不限,周末双休,不限,会计/会计师,3000-5000
 南京创饰美装饰材料有限公司 ,上访/诚聘总账会计/面议, 谷里 ,不限,"五险一金,包吃,加班补助",1-2年,会计/会计师,5000-7000
 南京青春财务顾问有限公司 ,总账会计, 谷里 ,不限,周末双休,3-5年,会计/会计师,面议
 江苏硕华建设有限公司 ,现金会计, 谷里 ,大专,加班补助,1-2年,会计/会计师,面议
 南京家家赢水产有限公司 ,会计/会计师, 谷里 ,不限,,不限,会计/会计师,3000-5000
 安徽省亳州市药材总公司 ,会计, 谷里 ,大专,"五险一金,周末双休,话补,饭补,加班补助",1-2年,会计/会计师,面议
 南京永华旧机动车交易市场管理… ,会计, 谷里 ,大专,"包吃,包住",3-5年,会计/会计师,3500-5000
 中天建设集团有限公司 ,会计/会计师, 谷里 ,不限,,不限,会计/会计师,面议
 南京同旭暖通工程有限公司 ,财务, 谷里 ,不限,"五险一金,话补,年底双薪,周末双休,加班补助",不限,会计/会计师,3500-4500
 南京仁爱钢构彩板有限公司 ,会计, 谷里 ,不限,"包吃,饭补",1年以下,会计/会计师,3000-5000
 南京首各科技有限公司 ,现金会计, 谷里 ,大专,周末双休,1-2年,会计/会计师,面议
 南京华勇建筑工程有限公司 ,会计, 谷里 ,不限,,不限,会计/会计师,5000-10000
 南京圣知锐建材实业有限公司 ,会计/审计, 谷里 ,大专,"包吃,包住",3-5年,会计/会计师,6000-8000
 南京玉源财务管理有限公司 ,会计/会计师, 谷里 ,不限,五险一金,不限,会计/会计师,面议
 南京大掌柜财务管理咨询有限公司 ,2020年会计实习生招聘, 谷里 ,大专,"年底双薪,周末双休,五险一金,交通补助,加班补助",不限,会计/会计师,面议
 南京闫之有味餐饮管理有限公司 ,会计, 谷里 ,不限,"包吃,年底双薪,加班补助",1-2年,会计/会计师,4000-5000
 南京衡度财务管理咨询有限公司 ,会计, 谷里 ,不限,"五险一金,周末双休",不限,会计/会计师,4000-5000
 南京超味食品有限公司 ,会计, 谷里 ,不限,,不限,会计/会计师,3000-5000
 南京大掌柜财务管理咨询有限公司 ,2020会计招聘, 谷里 ,大专,"年底双薪,周末双休",不限,会计/会计师,面议
 南京恒铭建材有限公司 ,会计, 谷里 ,本科,"话补,交通补助,饭补",3-5年,会计/会计师,3000-5000
 南京轲络商贸有限公司 ,会计/会计师, 谷里 ,不限,,不限,会计/会计师,6000-8000
 南京佑越婷医院管理有限公司 ,会计, 谷里 ,不限,"五险一金,包住,饭补",1-2年,会计/会计师,4000-8000
 南京市浦口区思越会计服务中心 ,会计学徒, 谷里 ,不限,,不限,会计/会计师,2000-3500
 南京国美文化传播有限公司 ,会计/会计师, 谷里 ,不限,"五险一金,饭补,加班补助",不限,会计/会计师,3000-5000
 南京大锅饭饮食服务有限公司 ,诚招会计高薪, 谷里 ,不限,"包吃,包住,加班补助,饭补,交通补助",不限,会计/会计师,面议
 江苏八强工程项目管理咨询有限… ,总账会计, 谷里 ,大专,,6-7年,会计/会计师,4500-5000
 南京泷泽财务有限公司 ,招聘会计, 谷里 ,大专,"周末双休,交通补助,话补,饭补,年底双薪",3-5年,会计/会计师,面议
 南京双舟贸易有限公司 ,会计员, 谷里 ,不限,"包住,包吃",不限,会计/会计师,面议
 南京慧发会计服务有限公司 ,诚聘会计包吃法定休, 谷里 ,大专,"包吃,交通补助,加班补助,饭补",1-2年,会计/会计师,面议
 杭州华运国际旅行社有限公司南… ,会计, 谷里 ,大专,"包住,年底双薪,房补,话补,交通补助",不限,会计/会计师,4000-6000
 南京采之鑫财务管理有限公司 ,财务会计, 谷里 ,大专,周末双休,不限,会计/会计师,面议
 南京奋发企业管理有限公司 ,会计, 谷里 ,不限,五险一金,不限,会计/会计师,4000-5000
 南京越洋初级农产品销售有限公司 ,会计/会计师, 西善桥 ,不限,五险一金,不限,会计/会计师,3000-5000
 南京越洋初级农产品销售有限公司 ,会计, 西善桥 ,不限,,不限,会计/会计师,面议
 南京汇则税务师事务所（普通合… ,会计大四实习生, 西善桥 ,大专,"周末双休,交通补助,饭补,话补",不限,会计/会计师,面议
 南京昶邺建材有限公司 ,会计, 西善桥 ,不限,五险一金,不限,会计/会计师,4000-6000
 南京道兴交通工程有限公司 ,会计, 西善桥 ,不限,"五险一金,包吃,包住,周末双休,话补",不限,会计/会计师,3000-5000
 江苏大唐电气科技有限公司乐清… ,会计, 西善桥 ,中专,五险一金,3-5年,会计/会计师,3500-4000
 中建国锋（海南）建设集团江苏… ,会计, 西善桥 ,不限,,不限,会计/会计师,面议
 南京市江宁区蓝天劳保用品销售… ,会计/会计师, 西善桥 ,大专,"五险一金,周末双休,饭补",3-5年,会计/会计师,3500-4500
 南京从清太和文化传播有限公司 ,招聘会计+五险+吃住, 西善桥 ,不限,"五险一金,包吃,包住",不限,会计/会计师,4000-8000
 南京鹤壁天海电器销售有限公司 ,总账会计, 西善桥 ,本科,"五险一金,饭补,包住,年底双薪,交通补助",3-5年,会计/会计师,6000-7000
 双轮泵业南京销售有限公司 ,会计, 西善桥 ,大专,"五险一金,周末双休",3-5年,会计/会计师,4000-5000
 和县明发江湾大酒店有限公司 ,酒店直招总账会计高薪, 西善桥 ,大专,"包吃,包住",1-2年,会计/会计师,面议
 南京玛吉特新型建材有限公司 ,会计, 西善桥 ,不限,"五险一金,包住",不限,会计/会计师,5000-6000
 南京意扬雨花石有限公司 ,会计, 西善桥 ,大专,"五险一金,包吃,周末双休",3-5年,会计/会计师,面议
 南京市玄武区隋香敏餐厅 ,总账会计, 西善桥 ,大专,"五险一金,包吃,周末双休",3-5年,会计/会计师,面议
 南京绿磊装饰材料有限公司 ,会计, 西善桥 ,不限,"五险一金,包吃",不限,会计/会计师,面议
 南京博思扬科技发展有限公司 ,仓库管理兼会计, 西善桥 ,大专,"五险一金,话补,饭补",3-5年,会计/会计师,5000-6000
 南京君之强建筑工程有限公司 ,会计, 西善桥 ,大专,,3-5年,会计/会计师,3000-5000
 南京瑞程达建材有限公司 ,会计/会计师, 西善桥 ,中专,,3-5年,会计/会计师,5000-7000
 南京江宁麒泽门诊部有限公司 ,会计/会计师, 西善桥 ,大专,"五险一金,包住,饭补,加班补助",3-5年,会计/会计师,面议
 南京龙瑞财务咨询有限公司 ,实习会计高薪1年经验, 西善桥 ,不限,周末双休,不限,会计/会计师,面议
 南京龙瑞财务咨询有限公司 ,实习会计, 西善桥 ,不限,,不限,会计/会计师,面议
 南京青草地环保科技有限责任公司 ,会计实习, 西善桥 ,大专,,不限,会计/会计师,面议
 江苏霆峰建设工程有限公司 ,总账会计 出纳会计, 西善桥 ,本科,"五险一金,包吃,包住,房补,交通补助",1-2年,会计/会计师,面议
 南京m武立荣园林工程有限公司 ,会计, 西善桥 ,高中,,3-5年,会计/会计师,3000-5000
 宁盐府家味餐饮管理南京有限公司 ,会计, 西善桥 ,本科,周末双休,1年以下,会计/会计师,面议
 南京德莱金财务咨询有限公司 ,会计助理, 西善桥 ,不限,"五险一金,周末双休,年底双薪,交通补助,饭补",不限,会计/会计师,4400-5500
 南京珠联财务管理有限公司 ,会计/会计师, 西善桥 ,不限,"五险一金,年底双薪,加班补助",不限,会计/会计师,面议
 南京豪锐物业有限公司 ,会计, 西善桥 ,不限,包吃,不限,会计/会计师,面议
 南京益家一百商业管理有限公司 ,会计, 西善桥 ,大专,包住,不限,会计/会计师,面议
 南京市秦淮区恒义昊酒业销售中心 ,会计, 西善桥 ,大专,"五险一金,包吃,话补",不限,会计/会计师,3000-5000
 杭州七杰网络科技有限公司 ,汽车租赁公司会计, 西善桥 ,大专,五险一金,不限,会计/会计师,6000-10000
 江苏省鑫达财务咨询有限公司 ,会计, 西善桥 ,不限,"五险一金,周末双休,交通补助",3-5年,会计/会计师,3000-5000
 南京步云轩装饰工程有限公司 ,会计, 西善桥 ,不限,"五险一金,话补,交通补助,饭补",不限,会计/会计师,面议
 南京新来机械设备有限公司 ,会计, 西善桥 ,中专,周末双休,不限,会计/会计师,面议
 南京中泰消防设备有限公司 ,总账会计, 浦口区 ,不限,"五险一金,包住,饭补",不限,会计/会计师,面议
 江苏轩颖交通科技有限公司 ,材料会计, 浦口区 ,大专,"五险一金,包吃,周末双休",1-2年,会计/会计师,面议
 里歌智能科技（上海）有限公司 ,会计, 浦口区 ,大专,"五险一金,包住,话补,交通补助,加班补助",不限,会计/会计师,3000-5000
 南京卡米林商贸有限公司 ,会计, 浦口区 ,不限,,不限,会计/会计师,面议
 南京市秦淮区银百祥饰品店 ,流水账会计, 浦口区 ,不限,,不限,会计/会计师,3500-5000
 南京美欣交通材料有限公司 ,会计, 浦口区 ,本科,,10年以上,会计/会计师,面议
 江苏尚徐餐饮管理有限公司 ,会计, 浦口区 ,不限,"包吃,包住",不限,会计/会计师,3000-5000
 南京稼禾建设工程有限公司 ,会计, 浦口区 ,不限,,不限,会计/会计师,3000-5000
 南京吉奥达科技有限公司 ,会计/会计师, 浦口区 ,大专,"五险一金,周末双休,饭补",3-5年,会计/会计师,5000-6000
 南京蚂蚁旅游发展有限公司 ,会计, 浦口区 ,不限,"包吃,包住,加班补助",3-5年,会计/会计师,面议
 南京市玄武区奥彩企业管理咨询… ,实习会计, 浦口区 ,不限,"五险一金,周末双休",不限,会计/会计师,面议
 南京昂达市政工程有限公司 ,会计, 浦口区 ,大专,"五险一金,包吃,周末双休,年底双薪,话补",3-5年,会计/会计师,面议
 南京昂达市政工程有限公司 ,建筑会计, 浦口区 ,大专,"五险一金,包吃,周末双休,年底双薪,话补",3-5年,会计/会计师,面议
 南京罗金科技有限公司 ,会计, 浦口区 ,本科,"周末双休,加班补助",不限,会计/会计师,面议
 南京市江宁区博亿企业管理信息… ,急聘会计3年经验, 浦口区 ,本科,"饭补,话补,周末双休,交通补助,加班补助",3-5年,会计/会计师,5000-10000
 南京市秦淮区谭氏鸭血火锅店 ,谭鸭血老火锅聘会计, 浦口区 ,不限,"包吃,包住,年底双薪,话补,饭补",1-2年,会计/会计师,3700-4500
 南京彦平财务咨询有限公司 ,招聘会计 急招, 浦口区 ,大专,"五险一金,周末双休,年底双薪,饭补",3-5年,会计/会计师,面议
 南京华成厨具有限公司 ,有会计职称会计+有经验, 浦口区 ,不限,周末双休,3-5年,会计/会计师,面议
 南京鸿宇物业管理有限公司 ,会计, 浦口区 ,大专,"五险一金,周末双休",3-5年,会计/会计师,4000-6000
 南京聚太科技发展有限公司 ,会计, 浦口区 ,大专,"五险一金,饭补",不限,会计/会计师,3000-5000
 南京铁马汽配有限公司 ,会计, 浦口区 ,大专,"包吃,加班补助",1-2年,会计/会计师,5000-7000
 南京金展铝业有限公司 ,会计, 浦口区 ,不限,加班补助,不限,会计/会计师,3000-5000
 南京鸿宇物业管理有限公司 ,会计/出纳, 浦口区 ,大专,"五险一金,周末双休",1-2年,会计/会计师,3500-6000
 南京帝禾企业管理顾问有限公司 ,代账会计主管, 浦口区 ,大专,"五险一金,周末双休,交通补助,饭补,加班补助",1-2年,会计/会计师,面议
 南京恒瑞财务咨询有限公司 ,代账会计, 浦口区 ,不限,"五险一金,周末双休,饭补",1-2年,会计/会计师,3000-5000
 南京帝禾企业管理顾问有限公司 ,代账会计主管, 浦口区 ,大专,"周末双休,交通补助,饭补,五险一金",3-5年,会计/会计师,面议
 南京深业建材有限公司 ,会计出纳, 浦口区 ,大专,交通补助,3-5年,会计/会计师,面议
 南京九星财务管理顾问有限公司 ,诚聘会计周末双休, 浦口区 ,不限,周末双休,不限,会计/会计师,3000-4000
 上海程双建筑工程有限公司 ,会计, 浦口区 ,高中,"包吃,包住",不限,会计/会计师,3000-5000
 南京迪科达装饰工程有限公司 ,高薪急招财务出纳/大专, 浦口区 ,大专,"加班补助,交通补助,五险一金",1-2年,会计/会计师,3000-5000
 南京美标五金电器有限公司 ,会计/会计师, 浦口区 ,不限,,不限,会计/会计师,3000-5000
 江苏汇丰农机有限公司 ,会计, 浦口区 ,不限,"五险一金,周末双休,年底双薪,饭补",不限,会计/会计师,面议
 南京华顶酒店管理有限公司 ,会计, 浦口区 ,不限,周末双休,不限,会计/会计师,面议
 南京达力特挤出机械有限公司 ,会计, 浦口区 ,大专,,6-7年,会计/会计师,面议
 南京市秦淮区丹特斯建材销售中心 ,会计/会计师, 浦口区 ,不限,"五险一金,周末双休,年底双薪",不限,会计/会计师,面议
 江苏莱兴医疗科技有限公司 ,会计, 铁心桥 ,中专,"五险一金,年底双薪,话补",1-2年,会计/会计师,4000-6000
 南京创赢未来创客空间有限公司 ,会计, 铁心桥 ,不限,周末双休,不限,会计/会计师,3000-5000
 南京树企财务管理咨询有限公司 ,实习会计做账会计, 铁心桥 ,大专,"交通补助,周末双休,饭补",1年以下,会计/会计师,2500-5000
 南京军歌餐饮管理有限公司 ,财务会计高薪2年经验, 铁心桥 ,本科,"包吃,包住",3-5年,会计/会计师,6000-8000
 江苏蒙建建设有限公司 ,建筑总账会计, 铁心桥 ,不限,"周末双休,交通补助,饭补",不限,会计/会计师,面议
 南京火凤翼彩文化传播有限公司 ,会计, 铁心桥 ,大专,"五险一金,加班补助",不限,会计/会计师,5000-7000
 南京浦绿康洁环境卫生管理有限… ,财务会计, 铁心桥 ,大专,"饭补,话补",1-2年,会计/会计师,5000-6000
 南京聚梦医疗美容有限公司 ,总账会计, 铁心桥 ,不限,"包住,交通补助,饭补,加班补助,五险一金",不限,会计/会计师,面议
 南京创友财税管理有限公司 ,会计, 铁心桥 ,不限,"五险一金,周末双休,年底双薪,话补,交通补助",不限,会计/会计师,4000-6000
 南京携手工商代理有限公司 ,会计实习生, 铁心桥 ,大专,"五险一金,周末双休",不限,会计/会计师,1500-2500
 南京缬鸦械工程有限公司 ,出纳兼统计, 铁心桥 ,大专,"五险一金,周末双休,年底双薪",1-2年,会计/会计师,3500-5000
 南京天翠福贸易有限公司 ,会计, 铁心桥 ,本科,,1-2年,会计/会计师,3000-5000
 合肥居润建筑工程安装有限公司 ,主办会计, 铁心桥 ,大专,"五险一金,年底双薪,包吃,包住",1-2年,会计/会计师,5000-8000
 南京中全人力资源有限公司 ,开发区出纳, 铁心桥 ,不限,"求职保障,包吃,年底双薪,交通补助,话补,饭补",不限,会计/会计师,面议
 南京步鑫投资管理有限公司 ,会计, 铁心桥 ,大专,"五险一金,周末双休,交通补助",3-5年,会计/会计师,3500-5000
 南京市江宁区妍夫人皮草店 ,会计, 铁心桥 ,不限,,不限,会计/会计师,面议
 南京市栖霞区鸽味轩粤菜馆 ,餐饮会计, 铁心桥 ,不限,"包吃,饭补,周末双休,交通补助",3-5年,会计/会计师,6000-8000
 南京市栖霞区燕子矶联珠烟酒店 ,会计/会计师, 铁心桥 ,不限,,不限,会计/会计师,面议
 江苏佰岁通源健康管理有限公司 ,会计, 铁心桥 ,大专,"五险一金,周末双休",不限,会计/会计师,4000-6000
 南京俊程建设工程有限公司 ,会计, 铁心桥 ,不限,,不限,会计/会计师,3000-5000
 南京品意品牌策划管理有限公司 ,会计, 铁心桥 ,大专,"饭补,加班补助,五险一金,周末双休",1-2年,会计/会计师,5000-8000
 南京台达电系统工程有限公司 ,会计, 铁心桥 ,不限,周末双休,不限,会计/会计师,3000-5000
 南京市秦淮区义之和烟酒店 ,会计, 铁心桥 ,不限,,不限,会计/会计师,3000-5000
 南京市江宁区杨尚睿财务管理工… ,会计, 铁心桥 ,不限,"五险一金,周末双休",不限,会计/会计师,面议
 南京博赞源教育科技有限公司仙… ,财务, 铁心桥 ,不限,"求职保障,五险一金",3-5年,会计/会计师,5000-7000
 上海博九新能源技术有限公司 ,会计, 铁心桥 ,大专,"话补,交通补助,饭补",不限,会计/会计师,3000-5000
 南京市下关区李广林酒业经营部 ,会计, 铁心桥 ,不限,五险一金,不限,会计/会计师,面议
 南京云阔商贸有限公司 ,会计, 铁心桥 ,不限,,不限,会计/会计师,3000-5000
 义乌市享到商贸有限公司 ,会计, 铁心桥 ,不限,"包吃,包住",不限,会计/会计师,3000-5000
 南京鑫明置业有限公司 ,会计, 铁心桥 ,不限,"包吃,周末双休",1-2年,会计/会计师,面议
 南京奥窗建材有限公司 ,会计, 铁心桥 ,大专,,1-2年,会计/会计师,3000-5000
 南京达得拉汽车销售服务有限公司 ,会计, 铁心桥 ,大专,"五险一金,包吃,周末双休",3-5年,会计/会计师,面议
 南京东鑫物业管理有限公司 ,现金会计, 铁心桥 ,不限,,6-7年,会计/会计师,面议
 南京市秦淮区淘淘坊电子商务中心 ,会计, 铁心桥 ,不限,"五险一金,加班补助",不限,会计/会计师,4000-6000
 南京嘉悦大酒店有限公司 ,直招酒店会计, 铁心桥 ,本科,"包吃,包住",3-5年,会计/会计师,4000-6000
 南京乐孚国际贸易有限公司 ,会计, 秣陵 ,不限,,3-5年,会计/会计师,面议
 企途新（南京）科技有限公司 ,会计财务, 秣陵 ,大专,"五险一金,包吃,包住,周末双休,年底双薪",1-2年,会计/会计师,6000-8000
 徐州久翔电动车科技有限公司 ,会计, 秣陵 ,不限,五险一金,不限,会计/会计师,3000-5000
 南京奎将机电科技有限公司 ,会计五险一金周末双休, 秣陵 ,大专,"年底双薪,周末双休,加班补助,五险一金",1-2年,会计/会计师,4000-6000
 南京奎将机电科技有限公司 ,总账会计, 秣陵 ,大专,"年底双薪,周末双休,加班补助,五险一金",1-2年,会计/会计师,4000-6000
 南京爱源财务管理有限公司 ,会计, 秣陵 ,不限,五险一金,3-5年,会计/会计师,面议
 南京盛飞食品商贸有限公司 ,会计, 秣陵 ,大专,"五险一金,话补,交通补助,饭补",1-2年,会计/会计师,5000-5500
 江苏绿禾农林科技有限公司 ,会计, 秣陵 ,大专,"周末双休,交通补助,话补,饭补,加班补助",3-5年,会计/会计师,5000-6000
 南京奎将机电科技有限公司 ,主办会计, 秣陵 ,大专,"年底双薪,周末双休,加班补助,五险一金",1-2年,会计/会计师,4000-6000
 南京超盛新型环保建材有限公司 ,主办会计一名和统计一名, 秣陵 ,大专,,不限,会计/会计师,面议
 南京鑫怡通财务咨询有限公司 ,会计销售, 秣陵 ,不限,,不限,会计/会计师,面议
 南京弘誉广告有限公司 ,总账会计, 秣陵 ,不限,包吃,1-2年,会计/会计师,4500-6000
 南京诚品财务咨询有限公司 ,总账会计, 秣陵 ,大专,"五险一金,周末双休,年底双薪,交通补助,饭补",6-7年,会计/会计师,面议
 南京力木建设工程有限公司 ,会计/会计师, 秣陵 ,大专,"五险一金,周末双休,年底双薪",3-5年,会计/会计师,5000-8000
 南京力木建设工程有限公司 ,会计, 秣陵 ,不限,,不限,会计/会计师,面议
 南京国际装饰安装工程有限公司 ,会计, 秣陵 ,本科,五险一金,3-5年,会计/会计师,面议
 南京亮点财税管理咨询有限公司 ,实习会计会计, 秣陵 ,不限,"周末双休,五险一金,包吃,年底双薪,交通补助",不限,会计/会计师,3000-5000
 南京亮点财税管理咨询有限公司 ,实习会计, 秣陵 ,不限,"周末双休,五险一金,包吃,年底双薪,交通补助",不限,会计/会计师,面议
 江苏赛坤物流有限公司 ,会计, 秣陵 ,大专,"周末双休,五险一金,饭补",3-5年,会计/会计师,3000-4000
 江苏正士源建筑工程有限公司 ,会计有工程经验优先, 秣陵 ,不限,"周末双休,交通补助,饭补,话补",不限,会计/会计师,面议
 酒不醉（南京）网络科技有限公司 ,招会计, 秣陵 ,不限,"五险一金,包吃,交通补助",1-2年,会计/会计师,面议
 南京迈锐肯贸易有限公司 ,会计, 秣陵 ,本科,"五险一金,周末双休,加班补助,交通补助,饭补",1-2年,会计/会计师,2500-3000
 南京垦业科贸有限公司 ,会计, 秣陵 ,不限,周末双休,不限,会计/会计师,面议
 南京乐孚国际贸易有限公司 ,会计, 秣陵 ,不限,,3-5年,会计/会计师,面议
 南京超通汽配有限公司 ,财务, 秣陵 ,不限,,不限,会计/会计师,4000-5000
 南京日峰企业服务有限公司 ,摄山新城附近一成本会计岗, 秣陵 ,大专,"包吃,包住,年底双薪,饭补,加班补助",3-5年,会计/会计师,6000-6500
 南京中联广阔建设工程有限公司 ,会计, 秣陵 ,大专,,3-5年,会计/会计师,4000-6000
 南京市雨花台区盛中建材经营部 ,文员会计, 秣陵 ,本科,周末双休,3-5年,会计/会计师,5000-8000
 南京铿利建筑安装工程有限公司 ,会计, 秣陵 ,不限,,3-5年,会计/会计师,3000-5000
 来安香江置业有限公司 ,会计, 秣陵 ,不限,"包吃,包住,五险一金,加班补助,饭补",不限,会计/会计师,5500-8000
 南京丝享家服饰有限公司 ,会计/会计师, 秣陵 ,大专,"五险一金,周末双休",1-2年,会计/会计师,3000-5000
 南京金月唐装饰材料有限公司 ,公司会计, 秣陵 ,不限,"五险一金,周末双休,加班补助",不限,会计/会计师,4000-5000
 南京信运通物流有限公司 ,会计, 秣陵 ,本科,"五险一金,包吃,周末双休",3-5年,会计/会计师,面议
 南京新迪舒建材有限公司 ,会计, 秣陵 ,技校,"包吃,包住,加班补助",不限,会计/会计师,3000-5000
 南京旭合环保设备有限公司 ,会计/会计师, 秣陵 ,不限,"五险一金,包吃,包住,加班补助",不限,会计/会计师,面议
 南京和涛塑胶有限公司 ,会计, 淳化 ,不限,"五险一金,包吃,话补,加班补助",不限,会计/会计师,5000-6000
 上海烁原企业管理咨询中心（有… ,会计, 淳化 ,本科,,1-2年,会计/会计师,面议
 南京迪欧家具有限公司 ,会计, 淳化 ,不限,"五险一金,周末双休,年底双薪,饭补",不限,会计/会计师,3000-5000
 南京市秦淮区银百祥饰品店 ,会计, 淳化 ,技校,,不限,会计/会计师,3000-5000
 南京瑞翔新材料科技有限公司 ,会计/会计师, 淳化 ,不限,"五险一金,包吃,话补,饭补",8-10年,会计/会计师,面议
 马鞍山市旭轩商贸有限公司 ,会计, 淳化 ,不限,,不限,会计/会计师,面议
 南京江顺装饰工程有限公司 ,会计, 淳化 ,大专,"五险一金,包吃,话补",3-5年,会计/会计师,4000-6000
 南京华寅广告工程有限公司 ,会计, 淳化 ,大专,五险一金,不限,会计/会计师,4000-5500
 南京天地源食品有限公司 ,会计, 淳化 ,大专,,1-2年,会计/会计师,4000-5000
 南京国粹企业管理有限公司 ,会计/会计师, 淳化 ,不限,,不限,会计/会计师,面议
 南京雅克优点商贸有限公司 ,会计, 淳化 ,不限,"五险一金,年底双薪,加班补助",3-5年,会计/会计师,4000-8000
 南京顼骏贸易有限公司 ,会计, 淳化 ,不限,"五险一金,包吃,周末双休,年底双薪",3-5年,会计/会计师,面议
 南京亿航家具有限公司 ,会计, 淳化 ,不限,"包吃,包住",1-2年,会计/会计师,面议
 南京恒业汽车维修有限公司 ,急招会计, 淳化 ,不限,"五险一金,包吃,包住,加班补助,交通补助",不限,会计/会计师,3000-6000
 南京恩贝康医疗器械有限公司 ,会计, 淳化 ,不限,"五险一金,周末双休,饭补,加班补助",1-2年,会计/会计师,3000-5000
 江苏菲利科斯建设工程有限公司 ,会计/会计师, 淳化 ,大专,五险一金,3-5年,会计/会计师,面议
 南京市浦口区暖春科技信息咨询… ,实习会计, 淳化 ,不限,周末双休,不限,会计/会计师,面议
 南京留巷伊商贸有限公司 ,会计, 淳化 ,大专,"五险一金,年底双薪,加班补助",3-5年,会计/会计师,4000-5000
 江苏量伟建设工程有限公司 ,会计, 淳化 ,本科,周末双休,3-5年,会计/会计师,3000-5000
 北京市永昌房地产经纪有限公司… ,会计/会计师, 淳化 ,大专,包住,1-2年,会计/会计师,5000-6000
 南京惠悦财务咨询有限公司 ,会计助理, 淳化 ,大专,"周末双休,年底双薪,话补,交通补助,饭补",不限,会计/会计师,面议
 南京茅五兴晟电子商务有限公司 ,会计, 淳化 ,不限,年底双薪,不限,会计/会计师,面议
 南京华邺旅游有限公司 ,总账会计, 淳化 ,不限,,不限,会计/会计师,3000-4000
 南京万禾市政园林工程有限公司 ,会计, 淳化 ,大专,"五险一金,年底双薪,包住,包吃",3-5年,会计/会计师,6000-8000
 南京市江宁区松竹梅酒店 ,会计, 淳化 ,不限,"包吃,包住",不限,会计/会计师,3000-5000
 南京市江宁区松竹梅酒店 ,谷里街道招聘酒店会计, 淳化 ,不限,"包吃,包住",1-2年,会计/会计师,3000-5000
 江苏威风出行汽车租赁有限公司 ,总账会计, 淳化 ,大专,"五险一金,包吃,周末双休",3-5年,会计/会计师,5000-7000
 南京醉花亭餐饮文化有限公司 ,会计, 淳化 ,大专,,不限,会计/会计师,面议
 南京叠才财务管理有限公司 ,会计/会计师, 淳化 ,不限,"五险一金,周末双休,年底双薪,交通补助",不限,会计/会计师,3000-5000
 南京市秦淮区锦亦翔石材厂 ,石材会计, 淳化 ,不限,包吃,不限,会计/会计师,面议
 南京金勉智能系统工程有限公司 ,会计, 淳化 ,不限,"话补,饭补,五险一金,周末双休",不限,会计/会计师,面议
 南京鑫掌柜财务管理有限公司 ,实习会计江宁万达, 淳化 ,不限,"五险一金,周末双休,加班补助",不限,会计/会计师,面议
 南京骏汉物资实业有限公司 ,会计, 淳化 ,不限,,不限,会计/会计师,3000-5000
 南京贝蒙电力科技有限公司 ,会计, 淳化 ,本科,"五险一金,周末双休,年底双薪",3-5年,会计/会计师,面议
 南京车乐宝汽车用品有限公司 ,会计/会计师, 淳化 ,不限,"包吃,包住",不限,会计/会计师,3000-5000
 南京市浦口区成静餐厅 ,会计/出纳, 江浦街道 ,不限,"五险一金,加班补助,包吃",不限,会计/会计师,面议
 南京雅高风光旅游有限公司 ,急招会计, 江浦街道 ,大专,"五险一金,年底双薪,周末双休,交通补助,加班补助",3-5年,会计/会计师,5000-6000
 南京吉迈财务管理有限公司 ,总账会计, 江浦街道 ,不限,"周末双休,交通补助,饭补,话补,五险一金",3-5年,会计/会计师,3000-5000
 南京春竹和电子科技有限公司 ,会计, 江浦街道 ,大专,"包住,年底双薪",3-5年,会计/会计师,面议
 南京欣能电气有限公司 ,会计, 江浦街道 ,大专,"五险一金,周末双休,年底双薪,交通补助,饭补",1-2年,会计/会计师,4500-7000
 南京步全贸易有限公司 ,招聘会计2年经验, 江浦街道 ,不限,"包吃,包住,年底双薪,周末双休,交通补助",不限,会计/会计师,面议
 南京爱多多妇幼保健有限责任公司 ,会计兼出纳, 江浦街道 ,中专,"加班补助,包住",3-5年,会计/会计师,3500-5000
 南京凯美特食品有限公司 ,餐饮往来核算会计, 江浦街道 ,大专,"五险一金,年底双薪",1-2年,会计/会计师,4500-5500
 江苏钢协冶金科技有限公司 ,会计, 江浦街道 ,不限,"五险一金,周末双休,年底双薪,话补,饭补",3-5年,会计/会计师,3000-5000
 南京祥天财务管理有限公司 ,会计, 江浦街道 ,大专,"五险一金,周末双休,饭补",3-5年,会计/会计师,3000-5000
 马鞍山岳峰科技有限公司 ,出纳会计, 江浦街道 ,大专,"加班补助,五险一金",1-2年,会计/会计师,4000-6000
 南京鑫掌柜财务管理有限公司 ,实习会计, 江浦街道 ,不限,"五险一金,周末双休,加班补助",不限,会计/会计师,面议
 南京博澳石业有限公司 ,会计, 江浦街道 ,不限,"五险一金,包吃,包住",1-2年,会计/会计师,3500-4500
 南京悟净财务咨询管理有限公司 ,会计, 江浦街道 ,大专,"周末双休,交通补助,加班补助,饭补",3-5年,会计/会计师,面议
 南京天依蓝投资管理有限公司 ,会计, 江浦街道 ,不限,,不限,会计/会计师,面议
 南京武钢钢结构制造有限公司 ,会计, 江浦街道 ,不限,,不限,会计/会计师,3000-5000
 江苏极兔供应链有限公司 ,结算会计, 江浦街道 ,大专,"五险一金,包住,房补,加班补助",1-2年,会计/会计师,5000-6000
 南京中普钢铁销售有限公司 ,会计, 江浦街道 ,本科,"五险一金,周末双休,交通补助,饭补",6-7年,会计/会计师,面议
 南京城市人家装饰工程有限公司 ,急聘财务会计, 江浦街道 ,大专,五险一金,3-5年,会计/会计师,4500-5000
 南京市花润农产品有限公司 ,会计, 江浦街道 ,中专,包吃,1-2年,会计/会计师,5000-6000
 江苏大唐电气科技有限公司 ,会计4k单休2年经验, 江浦街道 ,大专,五险一金,3-5年,会计/会计师,3500-5000
 南京阔力缇装饰材料有限公司 ,会计, 江浦街道 ,不限,饭补,不限,会计/会计师,3000-5000
 南京七彩机械有限公司 ,会计, 江浦街道 ,大专,"五险一金,饭补",不限,会计/会计师,3000-5000
 南京市江宁区蓝天劳保用品销售… ,东山会计师, 江浦街道 ,本科,"包吃,包住,年底双薪,交通补助,饭补",3-5年,会计/会计师,面议
 南京翔泽财务管理有限公司 ,总账会计, 江浦街道 ,不限,"五险一金,周末双休",8-10年,会计/会计师,4500-7000
 南京君达东宫酒店有限责任公司 ,总账会计, 江浦街道 ,本科,五险一金,10年以上,会计/会计师,面议
 南京小亦清酌投资有限公司 ,会计, 江浦街道 ,不限,"包吃,加班补助",不限,会计/会计师,4000-6000
 南京华霸电气设备有限公司 ,会计, 江浦街道 ,不限,"包吃,包住,加班补助",1-2年,会计/会计师,3000-5000
 南京乐鹏财务顾问有限公司 ,会计, 江浦街道 ,大专,"五险一金,周末双休,交通补助,饭补,加班补助",3-5年,会计/会计师,3500-5000
 南京沐鼎节能建材有限公司 ,主办会计, 江浦街道 ,大专,,3-5年,会计/会计师,面议
 南京龙之啸财务咨询有限公司 ,会计, 江浦街道 ,不限,"五险一金,周末双休,交通补助,加班补助,话补",6-7年,会计/会计师,5000-8000
 南京怡咖电气科技有限公司 ,会计, 江浦街道 ,大专,"五险一金,包吃,包住,周末双休,加班补助",3-5年,会计/会计师,面议
 南京鑫怡通财务咨询有限公司 ,会计, 江浦街道 ,不限,"五险一金,周末双休,年底双薪,话补,交通补助",不限,会计/会计师,面议
 南京火晟厨卫科技有限公司 ,总账会计, 江浦街道 ,大专,周末双休,1-2年,会计/会计师,4000-6000
 南京中天企业管理有限公司 ,会计, 江浦街道 ,不限,"五险一金,周末双休,年底双薪",不限,会计/会计师,3000-4000
 南京柯木达建筑劳务有限公司 ,建筑劳务做账会计/会计师, 九龙湖 ,大专,"五险一金,饭补,周末双休,包吃",3-5年,会计/会计师,4000-8000
 南京一二三会计服务有限公司 ,总账会计, 九龙湖 ,大专,"五险一金,周末双休",1-2年,会计/会计师,5000-8000
 南京市浦口区顺超建材经营部 ,会计, 九龙湖 ,不限,,不限,会计/会计师,面议
 南京丝享家服饰有限公司 ,会计, 九龙湖 ,大专,"包吃,周末双休,年底双薪",1-2年,会计/会计师,4000-6000
 南京开泽工程技术有限公司 ,会计, 九龙湖 ,大专,"周末双休,话补,交通补助",1-2年,会计/会计师,3000-5000
 南京我爱我家房屋租赁置换有限… ,专职会计, 九龙湖 ,大专,"五险一金,包吃,周末双休,年底双薪,话补",3-5年,会计/会计师,面议
 南京梦依雨塑料制品有限公司 ,会计, 九龙湖 ,不限,"五险一金,包吃,包住",3-5年,会计/会计师,3000-4000
 南京永信财务咨询有限公司 ,总账会计, 九龙湖 ,不限,"五险一金,周末双休,交通补助,加班补助,饭补",不限,会计/会计师,6000-8000
 南京唐模电气科技有限公司 ,招聘会计1名, 九龙湖 ,大专,周末双休,3-5年,会计/会计师,4000-6000
 南京富名祥财务顾问有限公司 ,会计高薪年假五险, 九龙湖 ,大专,"加班补助,交通补助,五险一金,年底双薪",1-2年,会计/会计师,4000-8000
 南京达喜建筑装饰工程有限公司 ,会计, 九龙湖 ,不限,"五险一金,周末双休",不限,会计/会计师,面议
 南京鑫掌柜财务管理有限公司 ,会计, 九龙湖 ,不限,"五险一金,周末双休,加班补助",不限,会计/会计师,面议
 广州财捷财务咨询有限公司 ,代帐公司初级会计, 九龙湖 ,不限,"五险一金,周末双休,交通补助,话补",不限,会计/会计师,3000-4000
 南京众望投资咨询有限公司 ,会计, 九龙湖 ,大专,"五险一金,年底双薪,交通补助,周末双休,加班补助",1年以下,会计/会计师,3000-5000
 南京市浦口区胡桂平烟酒店 ,会计, 九龙湖 ,不限,,不限,会计/会计师,面议
 南京珍好生物科技有限公司 ,会计, 九龙湖 ,大专,,1-2年,会计/会计师,面议
 南京翰新霖通信科技有限公司 ,会计出纳, 九龙湖 ,大专,加班补助,不限,会计/会计师,3000-4500
 南京市花润农产品有限公司 ,诚聘开票会计工作轻松, 九龙湖 ,中专,,1-2年,会计/会计师,5000-6000
 南京慧算账财务咨询有限公司高… ,高新诚聘会计主管, 九龙湖 ,本科,"五险一金,周末双休,年底双薪,加班补助,饭补",3-5年,会计/会计师,5000-10000
 南京瑞铭信会计服务有限公司 ,总账会计, 九龙湖 ,大专,周末双休,3-5年,会计/会计师,4000-6000
 南京派昂财务咨询有限公司 ,诚招会计, 九龙湖 ,本科,"五险一金,周末双休,交通补助,饭补,加班补助",6-7年,会计/会计师,5000-6000
 南京文青建设有限公司 ,会计, 九龙湖 ,不限,,不限,会计/会计师,面议
 南京炫之客服饰有限公司 ,会计, 九龙湖 ,本科,"五险一金,包吃,包住",不限,会计/会计师,3000-5000
 优丽雅（江苏）新材料科技有限… ,总账会计, 九龙湖 ,不限,"五险一金,包吃",不限,会计/会计师,3000-5000
 南京信友税务咨询有限公司 ,会计/会计师, 九龙湖 ,不限,,不限,会计/会计师,面议
 南京青春斗企业管理有限公司 ,会计, 九龙湖 ,不限,"五险一金,周末双休",不限,会计/会计师,4000-6000
 南京择贤财务咨询有限公司 ,主办会计, 九龙湖 ,不限,周末双休,6-7年,会计/会计师,5000-6000
 南京欧飞财务咨询有限公司 ,总账会计, 九龙湖 ,不限,"五险一金,周末双休,交通补助,饭补",不限,会计/会计师,4000-6000
 南京青春斗企业管理有限公司 ,核算会计, 九龙湖 ,不限,"五险一金,周末双休",不限,会计/会计师,4000-6000
 南京金拓烟酒有限公司 ,出纳会计, 九龙湖 ,不限,"五险一金,年底双薪,加班补助",1-2年,会计/会计师,3500-6500
 南京爱迪兴人力资源咨询服务有… ,主办会计, 九龙湖 ,不限,"五险一金,周末双休",不限,会计/会计师,3500-3800
 南京市浦口区金阳陶建材营销中心 ,会计, 九龙湖 ,高中,,1-2年,会计/会计师,面议
 南京安弘税务代理有限公司 ,诚招会计高薪, 九龙湖 ,大专,"周末双休,加班补助,五险一金",1-2年,会计/会计师,5000-6000
 南京腾志建筑劳务有限公司 ,急招会计, 九龙湖 ,大专,"交通补助,包住,包吃",1-2年,会计/会计师,面议
 来安县友鹏交通设备有限公司 ,会计, 九龙湖 ,不限,,不限,会计/会计师,面议
 南京太太好家居用品有限公司 ,会计一名, 上坊 ,大专,,不限,会计/会计师,面议
 南京科瑞企业管理咨询有限责任… ,会计, 上坊 ,大专,"五险一金,周末双休",1-2年,会计/会计师,4000-6000
 南京市江宁区兰亭食品销售中心 ,会计（销售开单进销存）, 上坊 ,不限,"包吃,包住",不限,会计/会计师,3000-5000
 南京利鑫源塑业有限公司 ,开票会计, 上坊 ,大专,"周末双休,五险一金,饭补",8-10年,会计/会计师,面议
 南京广福贸易有限公司 ,会计/会计师+本科学历, 上坊 ,本科,"五险一金,周末双休,年底双薪",3-5年,会计/会计师,3000-5500
 南京大华眼镜有限责任公司 ,直招会计助理管理会计证, 上坊 ,不限,"五险一金,加班补助,交通补助,包吃,包住",10年以上,会计/会计师,4000-6000
 南京市溧水区严记火龙烧烤店 ,餐饮会计兼人事招聘, 上坊 ,不限,"包吃,包住,加班补助",不限,会计/会计师,面议
 江苏冠德汽车销售有限公司 ,总账会计, 上坊 ,大专,"包吃,年底双薪,饭补",不限,会计/会计师,面议
 南京苏算财税咨询有限公司 ,总账会计, 上坊 ,不限,"五险一金,周末双休",1-2年,会计/会计师,4000-6000
 南京丰浩华食品供应链管理有限… ,财务总监, 上坊 ,本科,"五险一金,包吃,周末双休,话补,交通补助",3-5年,会计/会计师,面议
 南京勤业财务咨询有限公司 ,财务咨询, 上坊 ,本科,"五险一金,周末双休",3-5年,会计/会计师,5000-10000
 南京信平通信科技有限公司 ,招聘会计四千-五千, 上坊 ,不限,"五险一金,年底双薪",不限,会计/会计师,4000-5000
 南京携创餐饮服务有限公司 ,南京艾乐威酒吧诚招会计, 上坊 ,大专,"包吃,包住,饭补",1年以下,会计/会计师,3500-4500
 南京信友税务咨询有限公司 ,会计, 上坊 ,不限,周末双休,不限,会计/会计师,3000-5000
 南京妙哉妙斋健康管理有限公司 ,高薪招会计, 上坊 ,本科,"五险一金,包住,包吃,年底双薪,话补",不限,会计/会计师,5000-6000
 南京小状乐文化艺术培训有限公司 ,会计, 上坊 ,大专,"包吃,饭补,五险一金,加班补助,房补",不限,会计/会计师,5000-8000
 南京百楚水电安装有限公司 ,会计, 上坊 ,大专,,3-5年,会计/会计师,5000-8000
 南京勤业财务咨询有限公司 ,审计师, 上坊 ,本科,"五险一金,周末双休,交通补助,饭补",3-5年,会计/会计师,5000-10000
 马鞍山市春盛食府有限公司 ,南京春盛渔府招聘门店会计, 上坊 ,中专,"包吃,包住",1-2年,会计/会计师,4000-5000
 南京标源财税咨询有限公司 ,财务公司诚聘会计1名, 上坊 ,不限,"包住,年底双薪,周末双休,交通补助,加班补助",不限,会计/会计师,4000-6000
 江苏易承租赁有限公司 ,会计高薪上六休一, 上坊 ,大专,"话补,交通补助,饭补,五险一金",3-5年,会计/会计师,4500-7000
 南京华汇博泰信息科技有限公司 ,直招会计行政人员, 上坊 ,本科,"交通补助,加班补助,话补,周末双休",1-2年,会计/会计师,4500-5000
 南京标源财税咨询有限公司 ,招聘会计专业实习生, 上坊 ,大专,"周末双休,交通补助,饭补,话补",不限,会计/会计师,面议
 江苏广人禾沐供应链有限公司 ,会计, 上坊 ,本科,,不限,会计/会计师,面议
 江苏洁亚智能科技发展有限公司 ,往来会计, 上坊 ,大专,五险一金,1-2年,会计/会计师,3000-5000
 南京沙卡石油化工有限公司 ,年薪12万聘总账会计, 上坊 ,大专,"五险一金,包吃,话补",3-5年,会计/会计师,8000-10000
 南京双日电气有限公司 ,会计, 上坊 ,不限,"五险一金,包吃,包住,周末双休",不限,会计/会计师,3500-5000
 南京中医药大学第二附属医院（… ,三甲医院收费员, 上坊 ,大专,饭补,不限,会计/会计师,3000-5000
 南京德永康纺织科技有限公司 ,会计、电工, 上坊 ,不限,"五险一金,交通补助,饭补,加班补助",1-2年,会计/会计师,面议
 江苏艾德露环保科技有限公司 ,会计, 上坊 ,大专,"五险一金,周末双休,饭补,加班补助",3-5年,会计/会计师,4000-6000
 南京雅克优点商贸有限公司 ,出纳, 上坊 ,不限,"五险一金,年底双薪,话补,交通补助,饭补",不限,会计/会计师,面议
 江苏万帮外汽汽车有限公司 ,奥迪4S店会计/出纳收银, 上坊 ,大专,"五险一金,年底双薪,交通补助,饭补",3-5年,会计/会计师,5000-7000
 南京锦路达建设工程有限公司 ,会计, 上坊 ,大专,"周末双休,交通补助,五险一金,加班补助,饭补",3-5年,会计/会计师,面议
 江苏珠格工程技术有限公司 ,会计, 上坊 ,大专,"周末双休,饭补,五险一金",3-5年,会计/会计师,7000-8000
 南京澳隆物业管理有限公司 ,物业公司诚聘总账会计, 上坊 ,大专,,8-10年,会计/会计师,5000-7000
 江苏洁亚智能科技发展有限公司 ,总账会计, 大行宫 ,大专,五险一金,1-2年,会计/会计师,5000-7000
 南京鼎虎建筑装饰工程有限公司 ,装修公司会计, 大行宫 ,高中,"周末双休,话补,交通补助,饭补",3-5年,会计/会计师,4000-7000
 南京糖玩贸易有限公司 ,招会计1名, 大行宫 ,大专,包吃,1-2年,会计/会计师,4000-6000
 迎客松（南京）装饰材料有限公司 ,诚招会计, 大行宫 ,不限,包吃,不限,会计/会计师,面议
 南京蓝污水处理设备有限公司 ,总账会计, 大行宫 ,不限,,不限,会计/会计师,面议
 南京方平财务服务有限公司 ,总账会计, 大行宫 ,不限,周末双休,不限,会计/会计师,面议
 上海丽章贸易有限公司 ,诚聘商贸会计, 大行宫 ,不限,,10年以上,会计/会计师,面议
 南京传宇汽车服务有限公司 ,会计, 大行宫 ,大专,"年底双薪,五险一金",不限,会计/会计师,面议
 力霸科技（南京）有限公司 ,会计, 大行宫 ,不限,"五险一金,周末双休",1-2年,会计/会计师,面议
 南京椰晖旅行社有限公司 ,会计1年经验, 大行宫 ,大专,"周末双休,交通补助,饭补",1-2年,会计/会计师,3500-4500
 南京满飞贸易有限公司 ,会计出纳, 大行宫 ,不限,,不限,会计/会计师,面议
 南京乐润仪器仪表有限公司 ,主管会计, 大行宫 ,大专,"五险一金,包吃,包住",1-2年,会计/会计师,4000-5500
 南京东宁财务管理咨询有限公司 ,退休总账会计, 大行宫 ,不限,"五险一金,周末双休,交通补助,饭补,话补",不限,会计/会计师,4000-5000
 南京东宁财务管理咨询有限公司 ,总账会计, 大行宫 ,不限,"五险一金,周末双休,交通补助,饭补,话补",不限,会计/会计师,4000-5000
 南京乐润仪器仪表有限公司 ,工业会计五险一金底薪肆仟, 大行宫 ,大专,"五险一金,包吃",1-2年,会计/会计师,4000-5000
 南京青和物业管理有限公司 ,出纳会计, 大行宫 ,大专,"五险一金,周末双休,年底双薪,话补,交通补助",1-2年,会计/会计师,3500-3800
 南京星聚汇娱乐有限公司 ,会计江宁百家湖-周末双休, 大行宫 ,大专,"包吃,包住,年底双薪,加班补助,周末双休",1-2年,会计/会计师,4500-5000
